id,entrantId,constructorId,engineManufacturerId
1,1950-alfa-romeo-spa,alfa-romeo,alfa-romeo
2,1950-andy-granatelli,kurtis,offenhauser
3,1950-antonio-branca,maserati,maserati
4,1950-automobiles-talbot-darracq,talbot-lago,talbot-lago
5,1950-bardahl,marchese,offenhauser
6,1950-blue-crown-spark-plug,deidt,offenhauser
7,1950-blue-crown-spark-plug,lesovsky,offenhauser
8,1950-blue-crown-spark-plug,moore,offenhauser
9,1950-bob-gerard,era,era
10,1950-charles-pozzi,talbot-lago,talbot-lago
11,1950-city-of-glendale,watson,offenhauser
12,1950-clemente-biondetti,ferrari,jaguar
13,1950-cummins-diesel,kurtis,cummins
14,1950-cuth-harrison,era,era
15,1950-ecurie-belge,talbot-lago,talbot-lago
16,1950-ecurie-bleue,talbot-lago,talbot-lago
17,1950-ecurie-lutetia,talbot-lago,talbot-lago
18,1950-ecurie-rosier,talbot-lago,talbot-lago
19,1950-enrico-plate,maserati,maserati
20,1950-equipe-gordini,simca-gordini,simca-gordini
21,1950-erwin-wolfe,kurtis,offenhauser
22,1950-eugene-casaroll,snowberger,offenhauser
23,1950-fadely-anderson,maserati,offenhauser
24,1950-geoffrey-crossley,alta,alta
25,1950-george-bignotti,lesovsky,offenhauser
26,1950-george-tuffanelli,kurtis,offenhauser
27,1950-guy-mairesse,talbot-lago,talbot-lago
28,1950-horschell-racing-corporation,cooper,jap
29,1950-howard-keck,deidt,offenhauser
30,1950-indianapolis-race-cars,maserati,offenhauser
31,1950-jack-hinkle,kurtis,offenhauser
32,1950-jc-agajanian,kurtis,offenhauser
33,1950-joe-fry,maserati,maserati
34,1950-joe-kelly,alta,alta
35,1950-kurtis-kraft-inc,kurtis,offenhauser
36,1950-ludson-morris,kurtis,offenhauser
37,1950-m-pete-wales,kurtis,offenhauser
38,1950-ma-walker,kurtis,offenhauser
39,1950-milt-marton,kurtis,offenhauser
40,1950-murrell-belanger,stevens,offenhauser
41,1950-norm-olson,olson,offenhauser
42,1950-officine-alfieri-maserati,maserati,maserati
43,1950-pat-clancy,ewing,offenhauser
44,1950-paul-pietsch,maserati,maserati
45,1950-paul-russo-ray-nichels,nichels,offenhauser
46,1950-peter-walker,era,era
47,1950-peter-whitehead,ferrari,ferrari
48,1950-philippe-etancelin,talbot-lago,talbot-lago
49,1950-pierre-levegh,talbot-lago,talbot-lago
50,1950-pioneer-auto-repair,wetteroth,offenhauser
51,1950-raymond-sommer,talbot-lago,talbot-lago
52,1950-richard-palmer,adams,offenhauser
53,1950-sampson-manufacturing,rae,offenhauser
54,1950-scuderia-achille-varzi,maserati,maserati
55,1950-scuderia-ambrosiana,maserati,maserati
56,1950-scuderia-ferrari,ferrari,ferrari
57,1950-scuderia-milano,maserati,maserati
58,1950-scuderia-milano,maserati,milano
59,1950-taso-mathieson,era,era
60,1950-troy-oil,langley,offenhauser
61,1950-verlin-brown,kurtis,offenhauser
62,1951-alfa-romeo-spa,alfa-romeo,alfa-romeo
63,1951-andy-granatelli,kurtis,offenhauser
64,1951-antonio-branca,maserati,maserati
65,1951-bardahl,marchese,offenhauser
66,1951-blakely,schroeder,offenhauser
67,1951-blue-crown-spark-plug,lesovsky,offenhauser
68,1951-blue-crown-spark-plug,moore,offenhauser
69,1951-bob-estes,watson,offenhauser
70,1951-bob-gerard,era,era
71,1951-brian-shawe-taylor,era,era
72,1951-brm-ltd,brm,brm
73,1951-central-excavating,trevis,offenhauser
74,1951-dan-levine,kurtis,offenhauser
75,1951-deck-manufacturing,bromme,offenhauser
76,1951-duncan-hamilton,talbot-lago,talbot-lago
77,1951-ecurie-belge,talbot-lago,talbot-lago
78,1951-ecurie-belgique,talbot-lago,talbot-lago
79,1951-ecurie-espadon,ferrari,ferrari
80,1951-ecurie-rosier,talbot-lago,talbot-lago
81,1951-ed-walsh,kurtis,offenhauser
82,1951-enrico-plate,maserati,maserati
83,1951-equipe-gordini,simca-gordini,gordini
84,1951-eugene-casaroll,kurtis,offenhauser
85,1951-eugene-chaboud,talbot-lago,talbot-lago
86,1951-francisco-landi,ferrari,ferrari
87,1951-ga-vandervell,ferrari,ferrari
88,1951-george-leitenberger,sherman,offenhauser
89,1951-georges-grignard,talbot-lago,talbot-lago
90,1951-graham-whitehead,ferrari,ferrari
91,1951-grant-piston-ring,kuzma,offenhauser
92,1951-ha-chapman,kurtis,offenhauser
93,1951-howard-keck,deidt,offenhauser
94,1951-hw-motors,hwm,alta
95,1951-jack-hinkle,kurtis,offenhauser
96,1951-jc-agajanian,kurtis,offenhauser
97,1951-jim-robbins,kurtis,offenhauser
98,1951-joe-kelly,alta,alta
99,1951-john-james,maserati,maserati
100,1951-jose-froilan-gonzalez,talbot-lago,talbot-lago
101,1951-karl-hall,hall,offenhauser
102,1951-lee-elkins,kurtis,offenhauser
103,1951-lewis-welch,kurtis,novi
104,1951-ludson-morris,kurtis,offenhauser
105,1951-ma-walker,kurtis,offenhauser
106,1951-murrell-belanger,kurtis,offenhauser
107,1951-osca-automobili,osca,osca
108,1951-parks-offenhauser,pawl,offenhauser
109,1951-peter-hirt,veritas,veritas
110,1951-peter-schmidt,kurtis,offenhauser
111,1951-peter-whitehead,ferrari,ferrari
112,1951-philip-fotheringham-parker,maserati,maserati
113,1951-philippe-etancelin,talbot-lago,talbot-lago
114,1951-pierre-levegh,talbot-lago,talbot-lago
115,1951-prince-bira,maserati,osca
116,1951-scuderia-ambrosiana,maserati,maserati
117,1951-scuderia-ferrari,ferrari,ferrari
118,1951-scuderia-milano,maserati,milano
119,1951-scuderia-milano,maserati,maserati
120,1951-tuffanelli-derrico,deidt,offenhauser
121,1951-verlin-brown,kurtis,offenhauser
122,1951-verlin-brown,schroeder,offenhauser
123,1951-w-j,maserati,offenhauser
124,1951-william-ansted,deidt,offenhauser
125,1951-yves-giraud-cabantous,talbot-lago,talbot-lago
126,1952-adolf-brudes,veritas,veritas
127,1952-afm,afm,kuchen
128,1952-ahm-bryde,cooper,bristol
129,1952-alfred-dattner,simca-gordini,gordini
130,1952-andy-granatelli,bromme,offenhauser
131,1952-andy-granatelli,kurtis,offenhauser
132,1952-arthur-legat,veritas,veritas
133,1952-belanger-motors,lesovsky,offenhauser
134,1952-bernhard-nacke,nacke,bmw
135,1952-bessie-lee-paoli,kurtis,offenhauser
136,1952-blue-crown-spark-plug,deidt,offenhauser
137,1952-blue-crown-spark-plug,lesovsky,offenhauser
138,1952-bob-estes,watson,offenhauser
139,1952-central-excavating,trevis,offenhauser
140,1952-coast-grain,lesovsky,offenhauser
141,1952-connaught-engineering,connaught,lea-francis
142,1952-cummins-diesel,kurtis,cummins
143,1952-ecurie-belge,simca-gordini,gordini
144,1952-ecurie-ecosse,cooper,bristol
145,1952-ecurie-espadon,ferrari,ferrari
146,1952-ecurie-francorchamps,ferrari,ferrari
147,1952-ecurie-richmond,cooper,bristol
148,1952-ecurie-rosier,ferrari,ferrari
149,1952-ed-walsh,kurtis,offenhauser
150,1952-elie-bayol,osca,osca
151,1952-english-racing-automobiles-ltd,era,bristol
152,1952-enrico-plate,maserati,plate
153,1952-equipe-gordini,gordini,gordini
154,1952-ernst-klodwig,heck,bmw
155,1952-escuderia-bandeirantes,maserati,maserati
156,1952-federal-auto-associates,kurtis,offenhauser
157,1952-fritz-riess,veritas,veritas
158,1952-g-caprara,ferrari,ferrari
159,1952-george-leitenberger,sherman,offenhauser
160,1952-ha-chapman,stevens,offenhauser
161,1952-hans-klenk,veritas,veritas
162,1952-hart-fullerton,kurtis,offenhauser
163,1952-helmut-niedermayr,afm,bmw
164,1952-howard-keck,kurtis,offenhauser
165,1952-hw-motors,hwm,alta
166,1952-jack-hinkle,kurtis,offenhauser
167,1952-jc-agajanian,kuzma,offenhauser
168,1952-jim-robbins,kurtis,offenhauser
169,1952-josef-peters,veritas,veritas
170,1952-ken-downing,connaught,lea-francis
171,1952-lee-elkins,kurtis,offenhauser
172,1952-leslie-d-hawthorn,cooper,bristol
173,1952-lewis-welch,kurtis,novi
174,1952-ludson-morris,kurtis,offenhauser
175,1952-ludwig-fischer,afm,bmw
176,1952-ma-walker,kurtis,offenhauser
177,1952-marcel-balsa,balsa,bmw
178,1952-mel-wiggers,kurtis,offenhauser
179,1952-motor-presse-verlag,veritas,veritas
180,1952-officine-alfieri-maserati,maserati,maserati
181,1952-peter-schmidt,kurtis,offenhauser
182,1952-peter-whitehead,alta,alta
183,1952-peter-whitehead,ferrari,ferrari
184,1952-piero-dusio,cisitalia,bpm
185,1952-ray-t-brady,kurtis,offenhauser
186,1952-robert-obrien,simca-gordini,gordini
187,1952-robin-montgomerie-charrington,aston-butterworth,butterworth
188,1952-roger-wolcott,kurtis,offenhauser
189,1952-rudolf-krause,greifzu,bmw
190,1952-scuderia-ferrari,ferrari,ferrari
191,1952-scuderia-franera,frazer-nash,bristol
192,1952-scuderia-franera,cooper,bristol
193,1952-scuderia-marzotto,ferrari,ferrari
194,1952-theo-helfrich,veritas,veritas
195,1952-tom-sarafoff,kurtis,offenhauser
196,1952-toni-ulmen,veritas,veritas
197,1952-tony-crook,frazer-nash,bmw
198,1952-tony-gaze,hwm,alta
199,1952-vicomtesse-de-walckiers,simca-gordini,gordini
200,1952-willi-heeks,afm,bmw
201,1952-willi-krakau,afm,bmw
202,1952-willi-krakau,krakau,bmw
203,1952-william-ansted,stevens,offenhauser
204,1952-ws-aston,aston-butterworth,butterworth
205,1953-3-l-racing-team,kurtis,offenhauser
206,1953-ae-dean,kuzma,offenhauser
207,1953-arthur-legat,veritas,veritas
208,1953-atlantic-stable,cooper,alta
209,1953-bessie-lee-paoli,kurtis,offenhauser
210,1953-bob-estes,watson,offenhauser
211,1953-bob-gerard,cooper,bristol
212,1953-chapman-s-root,kurtis,offenhauser
213,1953-connaught-engineering,connaught,lea-francis
214,1953-cooper-car-company,cooper,bristol
215,1953-cooper-car-company,cooper,alta
216,1953-dora-greifzu,greifzu,bmw
217,1953-dr-rn-sabourin,del-roy,offenhauser
218,1953-dr-rn-sabourin,kurtis,offenhauser
219,1953-ecurie-belge,connaught,lea-francis
220,1953-ecurie-ecosse,connaught,lea-francis
221,1953-ecurie-ecosse,cooper,bristol
222,1953-ecurie-espadon,ferrari,ferrari
223,1953-ecurie-francorchamps,ferrari,ferrari
224,1953-ecurie-rosier,ferrari,ferrari
225,1953-ed-walsh,kurtis,offenhauser
226,1953-elie-bayol,osca,osca
227,1953-emmanuel-de-graffenried,maserati,maserati
228,1953-enrico-plate,maserati,maserati
229,1953-equipe-anglaise,cooper,bristol
230,1953-equipe-gordini,gordini,gordini
231,1953-equipe-gordini,simca-gordini,gordini
232,1953-ernest-l-ruiz,kurtis,offenhauser
233,1953-ernst-klodwig,heck,bmw
234,1953-ernst-loof,veritas,veritas
235,1953-erwin-bauer,veritas,veritas
236,1953-escuderia-bandeirantes,maserati,maserati
237,1953-eugene-casaroll,kurtis,offenhauser
238,1953-federal-auto-associates,kurtis,offenhauser
239,1953-franklin-merkler,kurtis,offenhauser
240,1953-georges-berger,simca-gordini,gordini
241,1953-grancor-auto-specialists,kurtis,offenhauser
242,1953-gunther-bechem,afm,bmw
243,1953-ha-chapman,stevens,offenhauser
244,1953-hans-herrmann,veritas,veritas
245,1953-hans-stuck,afm,bristol
246,1953-hart-fullerton,kurtis,offenhauser
247,1953-helmut-niedermayr,afm,bmw
248,1953-howard-keck,kurtis,offenhauser
249,1953-hw-motors,hwm,alta
250,1953-jack-hinkle,kurtis,offenhauser
251,1953-jc-agajanian,kurtis,offenhauser
252,1953-jc-agajanian,kuzma,offenhauser
253,1953-john-l-mcdaniel,schroeder,offenhauser
254,1953-john-zink,kurtis,offenhauser
255,1953-js-belond,bromme,offenhauser
256,1953-js-belond,kurtis,offenhauser
257,1953-ken-wharton,cooper,bristol
258,1953-lee-elkins,kurtis,offenhauser
259,1953-lee-elkins,turner,offenhauser
260,1953-lewis-welch,kurtis,novi
261,1953-louis-chiron,osca,osca
262,1953-ma-walker,kurtis,offenhauser
263,1953-murrell-belanger,kurtis,offenhauser
264,1953-murrell-belanger,lesovsky,offenhauser
265,1953-officine-alfieri-maserati,maserati,maserati
266,1953-osca-automobili,osca,osca
267,1953-oswald-karch,veritas,veritas
268,1953-otto-adoph-stoye,kurtis,offenhauser
269,1953-pat-clancy,kurtis,offenhauser
270,1953-peter-schmidt,kurtis,offenhauser
271,1953-peter-schmidt,kuzma,offenhauser
272,1953-ray-crawford,kurtis,offenhauser
273,1953-ray-t-brady,kurtis,offenhauser
274,1953-rennkollektiv-emw,emw,emw
275,1953-rj-chase,cooper,bristol
276,1953-rodney-nuckey,cooper,bristol
277,1953-rotary-engineering-corp,stevens,offenhauser
278,1953-rrc-walker-racing-team,connaught,lea-francis
279,1953-scuderia-ferrari,ferrari,ferrari
280,1953-scuderia-milano,maserati,maserati
281,1953-storey-ricketts,kurtis,offenhauser
282,1953-theo-helfrich,veritas,veritas
283,1953-tom-sarafoff,kurtis,offenhauser
284,1953-tony-crook,cooper,bristol
285,1953-willi-heeks,veritas,veritas
286,1953-william-lutes,kurtis,offenhauser
287,1953-wolfgang-seidel,veritas,veritas
288,1954-advance-muffler,bromme,offenhauser
289,1954-andy-granatelli,kurtis,offenhauser
290,1954-bessie-lee-paoli,kurtis,offenhauser
291,1954-bill-whitehouse,connaught,lea-francis
292,1954-bob-estes,phillips,offenhauser
293,1954-bob-gerard,cooper,bristol
294,1954-cars-inc,kurtis,offenhauser
295,1954-chapman-s-root,kurtis,offenhauser
296,1954-daimler-benz-ag,mercedes,mercedes
297,1954-dean-van-lines-racing,kuzma,offenhauser
298,1954-dr-rn-sabourin,pawl,offenhauser
299,1954-ecurie-ecosse,connaught,lea-francis
300,1954-ecurie-francorchamps,ferrari,ferrari
301,1954-ecurie-richmond,cooper,bristol
302,1954-ecurie-rosier,ferrari,ferrari
303,1954-ecurie-rosier,maserati,maserati
304,1954-ed-stone,kurtis,offenhauser
305,1954-ed-walsh,kurtis,offenhauser
306,1954-emmanuel-de-graffenried,maserati,maserati
307,1954-emmett-malloy,pankratz,offenhauser
308,1954-equipe-gordini,gordini,gordini
309,1954-equipe-moss,maserati,maserati
310,1954-eugene-casaroll,kurtis,offenhauser
311,1954-federal-auto-associates,kurtis,offenhauser
312,1954-francis-bardazon,kurtis,offenhauser
313,1954-georges-berger,gordini,gordini
314,1954-gilby-engineering,maserati,maserati
315,1954-giovanni-de-riu,maserati,maserati
316,1954-goulds-garage-bristol,cooper,bristol
317,1954-ha-chapman,nichels,offenhauser
318,1954-ha-chapman,stevens,offenhauser
319,1954-hans-klenk,klenk,bmw
320,1954-harry-dunn,kurtis,offenhauser
321,1954-harry-schell,maserati,maserati
322,1954-hart-fullerton,kurtis,offenhauser
323,1954-howard-keck,kurtis,offenhauser
324,1954-hw-motors,hwm,alta
325,1954-jack-hinkle,kurtis,offenhauser
326,1954-jc-agajanian,kuzma,offenhauser
327,1954-jim-robbins,stevens,offenhauser
328,1954-john-zink,kurtis,offenhauser
329,1954-jorge-daponte,maserati,maserati
330,1954-lee-elkins,kurtis,offenhauser
331,1954-leslie-marr,connaught,lea-francis
332,1954-lindsey-hopkins,kurtis,offenhauser
333,1954-mel-wiggers,kurtis,offenhauser
334,1954-miklos-sperling,kurtis,offenhauser
335,1954-murrell-belanger,kurtis,offenhauser
336,1954-officine-alfieri-maserati,maserati,maserati
337,1954-onofre-marimon,maserati,maserati
338,1954-owen-racing-organisation,maserati,maserati
339,1954-pat-clancy,kurtis,offenhauser
340,1954-peter-schmidt,kuzma,offenhauser
341,1954-peter-whitehead,cooper,alta
342,1954-prince-bira,maserati,maserati
343,1954-ray-crawford,kurtis,offenhauser
344,1954-ray-t-brady,schroeder,offenhauser
345,1954-rj-chase,cooper,bristol
346,1954-roberto-mieres,maserati,maserati
347,1954-rrc-walker-racing-team,connaught,lea-francis
348,1954-sandy-belond,kurtis,offenhauser
349,1954-scuderia-ambrosiana,ferrari,ferrari
350,1954-scuderia-ferrari,ferrari,ferrari
351,1954-scuderia-lancia,lancia,lancia
352,1954-shouse-motors,kurtis,offenhauser
353,1954-sir-jeremy-boles,connaught,lea-francis
354,1954-vandervell-products,vanwall,vanwall
355,1954-verlin-brown,schroeder,offenhauser
356,1954-w-thayer-martin,kurtis,offenhauser
357,1954-william-ansted,kurtis,offenhauser
358,1955-ae-dean,kuzma,offenhauser
359,1955-alberto-uria,maserati,maserati
360,1955-bob-estes,phillips,offenhauser
361,1955-carl-l-anderson,kurtis,offenhauser
362,1955-cars-inc,kurtis,offenhauser
363,1955-chapman-s-root,kurtis,offenhauser
364,1955-connaught-engineering,connaught,alta
365,1955-cooper-car-company,cooper,bristol
366,1955-daimler-benz-ag,mercedes,mercedes
367,1955-dr-rn-sabourin,pawl,offenhauser
368,1955-ecurie-rosier,maserati,maserati
369,1955-emmett-malloy,pankratz,offenhauser
370,1955-en-whiteaway,hwm,alta
371,1955-equipe-gordini,gordini,gordini
372,1955-equipe-nationale-belge,ferrari,ferrari
373,1955-er-casale,kuzma,offenhauser
374,1955-federal-auto-associates,kurtis,offenhauser
375,1955-gilby-engineering,maserati,maserati
376,1955-goulds-garage-bristol,maserati,maserati
377,1955-ha-chapman,kurtis,offenhauser
378,1955-harry-dunn,kurtis,offenhauser
379,1955-jack-hinkle,kurtis,offenhauser
380,1955-jc-agajanian,kuzma,offenhauser
381,1955-jim-robbins,stevens,offenhauser
382,1955-john-l-mcdaniel,schroeder,offenhauser
383,1955-john-zink,kurtis,offenhauser
384,1955-joseph-massaglia-jr,kurtis,offenhauser
385,1955-kalamazoo-sports-inc,trevis,offenhauser
386,1955-leslie-marr,connaught,alta
387,1955-lindsey-hopkins,kurtis,offenhauser
388,1955-m-pete-wales,kurtis,offenhauser
389,1955-merz-engineering-inc,kurtis,offenhauser
390,1955-murrell-belanger,kurtis,offenhauser
391,1955-officine-alfieri-maserati,maserati,maserati
392,1955-owen-racing-organisation,maserati,maserati
393,1955-pat-clancy,kurtis,offenhauser
394,1955-pete-salemi,trevis,offenhauser
395,1955-peter-schmidt,kuzma,offenhauser
396,1955-racing-associates,kurtis,offenhauser
397,1955-ray-crawford,kurtis,offenhauser
398,1955-rotary-engineering-corp,kurtis,offenhauser
399,1955-rrc-walker-racing-team,connaught,alta
400,1955-samuel-w-traylor-iii,kurtis,offenhauser
401,1955-scuderia-ferrari,ferrari,ferrari
402,1955-scuderia-ferrari,lancia,lancia
403,1955-scuderia-lancia,lancia,lancia
404,1955-scuderia-volpini,arzani-volpini,maserati
405,1955-south-california-muffler-co,epperly,offenhauser
406,1955-stirling-moss-ltd,maserati,maserati
407,1955-tw-wt-martin,kurtis,offenhauser
408,1955-vandervell-products,vanwall,vanwall
409,1956-alberto-uria,maserati,maserati
410,1956-andre-simon,maserati,maserati
411,1956-ansted-rotary-corp,kurtis,offenhauser
412,1956-automobiles-bugatti,bugatti,bugatti
413,1956-bob-estes,phillips,offenhauser
414,1956-bob-gerard,cooper,bristol
415,1956-bruce-halford,maserati,maserati
416,1956-carl-l-anderson,kurtis,offenhauser
417,1956-cars-inc,kurtis,offenhauser
418,1956-chapman-s-root,kurtis,offenhauser
419,1956-connaught-engineering,connaught,alta
420,1956-dean-van-lines,kuzma,offenhauser
421,1956-dunn-engineering,kurtis,offenhauser
422,1956-ecurie-rosier,maserati,maserati
423,1956-ed-walsh,kurtis,offenhauser
424,1956-emeryson-cars,emeryson,alta
425,1956-equipe-gordini,gordini,gordini
426,1956-er-casale,kuzma,offenhauser
427,1956-ernest-l-ruiz,kurtis,offenhauser
428,1956-federal-auto-associates,kurtis,offenhauser
429,1956-fred-somers,kurtis,offenhauser
430,1956-george-bignotti,kurtis,offenhauser
431,1956-gilby-engineering,maserati,maserati
432,1956-giorgio-scarlatti,ferrari,ferrari
433,1956-goulds-garage-bristol,maserati,maserati
434,1956-ha-chapman,kurtis,offenhauser
435,1956-harry-dunn,kurtis,offenhauser
436,1956-hh-johnson,kurtis,offenhauser
437,1956-jack-brabham,maserati,maserati
438,1956-jc-agajanian,kuzma,offenhauser
439,1956-jim-robbins,stevens,offenhauser
440,1956-john-zink,kurtis,offenhauser
441,1956-john-zink,watson,offenhauser
442,1956-joseph-massaglia-jr,lesovsky,offenhauser
443,1956-kalamazoo-sports-inc,kurtis,offenhauser
444,1956-lindsey-hopkins,kurtis,offenhauser
445,1956-luigi-piotti,maserati,maserati
446,1956-murrell-belanger,kurtis,offenhauser
447,1956-novi-racing-corp,kurtis,novi
448,1956-officine-alfieri-maserati,maserati,maserati
449,1956-ottorino-volonterio,maserati,maserati
450,1956-owen-racing-organisation,maserati,maserati
451,1956-owen-racing-organisation,brm,brm
452,1956-pat-clancy,kurtis,offenhauser
453,1956-pete-salemi,kuzma,offenhauser
454,1956-peter-schmidt,kuzma,offenhauser
455,1956-piero-scotti,connaught,alta
456,1956-racing-associates,kuzma,offenhauser
457,1956-ray-crawford,kurtis,offenhauser
458,1956-samuel-w-traylor-iii,kurtis,offenhauser
459,1956-scuderia-centro-sud,maserati,maserati
460,1956-scuderia-centro-sud,ferrari,ferrari
461,1956-scuderia-ferrari,ferrari,ferrari
462,1956-scuderia-guastalla,maserati,maserati
463,1956-shannon-bros,kurtis,offenhauser
464,1956-vandervell-products,vanwall,vanwall
465,1957-ae-dean,kuzma,offenhauser
466,1957-ansted-rotary-corp,kurtis,offenhauser
467,1957-bob-estes,phillips,offenhauser
468,1957-bob-gerard,cooper,bristol
469,1957-bruce-halford,maserati,maserati
470,1957-cars-inc,kurtis,offenhauser
471,1957-chapman-s-root,kurtis,offenhauser
472,1957-connaught-engineering,connaught,alta
473,1957-cooper-car-company,cooper,climax
474,1957-dick-gibson,cooper,climax
475,1957-dr-ing-f-porsche-kg,porsche,porsche
476,1957-ecurie-maarsbergen,porsche,porsche
477,1957-ernest-l-ruiz,kurtis,offenhauser
478,1957-francesco-godia-sales,maserati,maserati
479,1957-fred-richard-sommer,kurtis,offenhauser
480,1957-fred-sclavi,kurtis,offenhauser
481,1957-george-bignotti,kurtis,offenhauser
482,1957-george-salih,epperly,offenhauser
483,1957-george-walther-jr,kurtis,offenhauser
484,1957-gilby-engineering,maserati,maserati
485,1957-ha-chapman,kurtis,offenhauser
486,1957-harry-dunn,dunn,offenhauser
487,1957-hh-gould,maserati,maserati
488,1957-hh-johnson,kurtis,offenhauser
489,1957-jb-naylor,cooper,climax
490,1957-jo-bonnier,maserati,maserati
491,1957-john-zink,watson,offenhauser
492,1957-joseph-massaglia-jr,lesovsky,offenhauser
493,1957-js-donaldson,kurtis,offenhauser
494,1957-kalamazoo-sports-inc,kurtis,offenhauser
495,1957-lindsey-hopkins,epperly,offenhauser
496,1957-luigi-piotti,maserati,maserati
497,1957-lysle-greenman,kuzma,offenhauser
498,1957-novi-racing-corp,kurtis,novi
499,1957-officine-alfieri-maserati,maserati,maserati
500,1957-ottorino-volonterio,maserati,maserati
501,1957-owen-racing-organisation,brm,brm
502,1957-pat-clancy,kurtis,offenhauser
503,1957-pete-salemi,kuzma,offenhauser
504,1957-peter-schmidt,kuzma,offenhauser
505,1957-racing-associates,kuzma,offenhauser
506,1957-ridgeway-management,cooper,climax
507,1957-roger-wolcott,lesovsky,offenhauser
508,1957-roy-mckay,kurtis,offenhauser
509,1957-rrc-walker-racing-team,cooper,climax
510,1957-scuderia-centro-sud,ferrari,ferrari
511,1957-scuderia-centro-sud,maserati,maserati
512,1957-scuderia-ferrari,ferrari,ferrari
513,1957-vandervell-products,vanwall,vanwall
514,1958-andre-guelfi,cooper,climax
515,1958-andre-testut,maserati,maserati
516,1958-bernie-c-ecclestone,connaught,alta
517,1958-bob-estes,phillips,offenhauser
518,1958-bob-sorenson,kuzma,offenhauser
519,1958-british-racing-partnership,cooper,climax
520,1958-cars-inc,epperly,offenhauser
521,1958-chapman-s-root,kurtis,offenhauser
522,1958-cooper-car-company,cooper,climax
523,1958-dean-van-lines,kuzma,offenhauser
524,1958-dick-gibson,cooper,climax
525,1958-dr-ing-f-porsche-kg,porsche,porsche
526,1958-ecurie-demi-litre,lotus,climax
527,1958-ecurie-eperon-dor,cooper,climax
528,1958-ecurie-maarsbergen,porsche,porsche
529,1958-ellen-mckinney-zink,watson,offenhauser
530,1958-federal-auto-associates,kurtis,offenhauser
531,1958-francesco-godia-sales,maserati,maserati
532,1958-fred-gerhardt,kurtis,offenhauser
533,1958-george-salih,epperly,offenhauser
534,1958-george-walther-jr,kurtis,offenhauser
535,1958-giorgio-scarlatti,maserati,maserati
536,1958-ha-chapman,kurtis,offenhauser
537,1958-harry-dunn,dunn,offenhauser
538,1958-henry-yunik,kurtis,offenhauser
539,1958-hh-gould,maserati,maserati
540,1958-hh-johnson,kuzma,offenhauser
541,1958-high-efficiency-motors,cooper,climax
542,1958-jb-naylor,cooper,climax
543,1958-jim-robbins,kurtis,offenhauser
544,1958-jo-bonnier,maserati,maserati
545,1958-john-zink,watson,offenhauser
546,1958-joseph-massaglia-jr,lesovsky,offenhauser
547,1958-js-donaldson,kurtis,offenhauser
548,1958-juan-manuel-fangio,maserati,maserati
549,1958-kalamazoo-sports-inc,kurtis,offenhauser
550,1958-kalamazoo-sports-inc,watson,offenhauser
551,1958-ken-kavanagh,maserati,maserati
552,1958-lindsey-hopkins,epperly,offenhauser
553,1958-lysle-greenman,kuzma,offenhauser
554,1958-maria-teresa-de-filippis,maserati,maserati
555,1958-norman-c-demler,epperly,offenhauser
556,1958-novi-racing-corp,kurtis,novi
557,1958-osca-automobili,osca,osca
558,1958-owen-racing-organisation,brm,brm
559,1958-pat-clancy,kurtis,offenhauser
560,1958-peter-schmidt,kuzma,offenhauser
561,1958-racing-associates,kurtis,offenhauser
562,1958-robert-la-caze,cooper,climax
563,1958-robert-m-bowes-ii,kurtis,offenhauser
564,1958-roger-wolcott,lesovsky,offenhauser
565,1958-roy-mckay,kurtis,offenhauser
566,1958-rrc-walker-racing-team,cooper,climax
567,1958-scuderia-centro-sud,maserati,maserati
568,1958-scuderia-centro-sud,cooper,climax
569,1958-scuderia-ferrari,ferrari,ferrari
570,1958-scuderia-sud-americana,maserati,maserati
571,1958-team-lotus,lotus,climax
572,1958-temple-buell,maserati,maserati
573,1958-tony-marsh,cooper,climax
574,1958-vandervell-products,vanwall,vanwall
575,1959-ace-garage-rotherham,cooper,climax
576,1959-ae-dean,kuzma,offenhauser
577,1959-alan-brown-equipe,cooper,climax
578,1959-bignotti-bowes-racing,epperly,offenhauser
579,1959-bignotti-bowes-racing,kurtis,offenhauser
580,1959-blanchard-automobile-co,porsche,porsche
581,1959-bob-estes,phillips,offenhauser
582,1959-british-racing-partnership,cooper,climax
583,1959-british-racing-partnership,brm,brm
584,1959-british-racing-partnership,cooper,borgward
585,1959-camoradi-usa,tec-mec,maserati
586,1959-chapman-s-root,kurtis,offenhauser
587,1959-connaught-cars-paul-emery,connaught,alta
588,1959-cooper-car-company,cooper,climax
589,1959-david-brown-corporation,aston-martin,aston-martin
590,1959-david-fry,fry,climax
591,1959-dennis-taylor,lotus,climax
592,1959-dorchester-service-station,lotus,climax
593,1959-dr-ing-f-porsche-kg,behra-porsche,porsche
594,1959-dr-ing-f-porsche-kg,porsche,porsche
595,1959-ecurie-bleue,cooper,climax
596,1959-ecurie-maarsbergen,porsche,porsche
597,1959-equipe-nationale-belge,cooper,climax
598,1959-ernest-l-ruiz,christensen,offenhauser
599,1959-federal-auto-associates,kurtis,offenhauser
600,1959-fred-gerhardt,kurtis,offenhauser
601,1959-george-salih,epperly,offenhauser
602,1959-george-walther-jr,sutton,offenhauser
603,1959-gilby-engineering,cooper,climax
604,1959-harry-dunn,dunn,offenhauser
605,1959-hh-johnson,kuzma,offenhauser
606,1959-high-efficiency-motors,cooper,maserati
607,1959-high-efficiency-motors,cooper,climax
608,1959-jb-naylor,jbw,maserati
609,1959-jean-behra,behra-porsche,porsche
610,1959-jean-lucienbonnet,cooper,climax
611,1959-jim-robbins,kurtis,offenhauser
612,1959-john-fisher,lotus,climax
613,1959-john-r-wills,epperly,offenhauser
614,1959-john-zink,moore,offenhauser
615,1959-john-zink,watson,offenhauser
616,1959-js-donaldson,kurtis,offenhauser
617,1959-kalamazoo-sports-inc,watson,offenhauser
618,1959-karl-hall,kurtis,offenhauser
619,1959-leader-cards-inc,watson,offenhauser
620,1959-leader-cards-inc,kurtis,offenhauser
621,1959-leroy-e-foutch-jr,kurtis,offenhauser
622,1959-lindsey-hopkins,watson,offenhauser
623,1959-lysle-greenman,kuzma,offenhauser
624,1959-monte-carlo-auto-sport,maserati,maserati
625,1959-norman-c-demler,epperly,offenhauser
626,1959-osca-automobili,cooper,osca
627,1959-ottorino-volonterio,maserati,maserati
628,1959-owen-racing-organisation,brm,brm
629,1959-peter-schmidt,kuzma,offenhauser
630,1959-phil-cade,maserati,maserati
631,1959-racing-associates,lesovsky,offenhauser
632,1959-ray-crawford,elder,offenhauser
633,1959-ray-t-brady,kurtis,offenhauser
634,1959-rhh-parnell,cooper,climax
635,1959-roy-mckay,kurtis,offenhauser
636,1959-rrc-walker-racing-team,cooper,climax
637,1959-rt-marley-sr,kuzma,offenhauser
638,1959-scuderia-centro-sud,cooper,maserati
639,1959-scuderia-centro-sud,maserati,maserati
640,1959-scuderia-ferrari,ferrari,ferrari
641,1959-scuderia-ugolini,maserati,maserati
642,1959-taylor-crawley-racing-team,cooper,climax
643,1959-team-lotus,lotus,climax
644,1959-united-racing-stable,cooper,climax
645,1959-vandervell-products,vanwall,vanwall
646,1959-wolcott-memorial-racing-team,lesovsky,offenhauser
647,1959-yunick-glover-lathrop,kurtis,offenhauser
648,1960-ansted-rotary-corp,epperly,offenhauser
649,1960-antonio-creus,maserati,maserati
650,1960-arthur-owen,cooper,climax
651,1960-bignotti-bowes-racing,epperly,offenhauser
652,1960-bignotti-bowes-racing,kurtis,offenhauser
653,1960-bob-estes,phillips,offenhauser
654,1960-co-prather,kurtis,offenhauser
655,1960-ct-atkins,cooper,climax
656,1960-camoradi-international,behra-porsche,porsche
657,1960-chapman-s-root,kurtis,offenhauser
658,1960-cooper-car-company,cooper,climax
659,1960-david-brown-corporation,aston-martin,aston-martin
660,1960-dean-van-lines,ewing,offenhauser
661,1960-ecurie-bleue,cooper,climax
662,1960-ecurie-maarsbergen,cooper,climax
663,1960-equipe-nationale-belge,cooper,climax
664,1960-equipe-prideaux-dick-gibson,cooper,climax
665,1960-ernest-l-ruiz,christensen,offenhauser
666,1960-ettore-chimeri,maserati,maserati
667,1960-federal-auto-associates,kurtis,offenhauser
668,1960-fred-armbruster,cooper,ferrari
669,1960-fred-tuck-cars,cooper,climax
670,1960-george-salih,epperly,offenhauser
671,1960-gilby-engineering,cooper,maserati
672,1960-gino-munaron,maserati,maserati
673,1960-giorgio-scarlatti,maserati,maserati
674,1960-hh-gould,maserati,maserati
675,1960-high-efficiency-motors,cooper,climax
676,1960-hoover-motor-express-inc,epperly,offenhauser
677,1960-j-ensley-s-murphy,kuzma,offenhauser
678,1960-jb-naylor,jbw,maserati
679,1960-jc-agajanian,watson,offenhauser
680,1960-jim-hall,lotus,climax
681,1960-jim-robbins,trevis,offenhauser
682,1960-jim-robbins,watson,offenhauser
683,1960-joe-hunt,ewing,offenhauser
684,1960-joe-hunt,kurtis,offenhauser
685,1960-joe-lubin,maserati,maserati
686,1960-john-zink,watson,offenhauser
687,1960-js-donaldson,kurtis,offenhauser
688,1960-ken-paul-inc,watson,offenhauser
689,1960-leader-cards-inc,watson,offenhauser
690,1960-leonard-a-faas,epperly,offenhauser
691,1960-lindsey-hopkins,watson,offenhauser
692,1960-nasif-estefano,maserati,maserati
693,1960-norman-c-demler,epperly,offenhauser
694,1960-norman-hall,kuzma,offenhauser
695,1960-owen-racing-organisation,brm,brm
696,1960-peter-salemi-nick-rini,watson,offenhauser
697,1960-peter-schmidt,meskowski,offenhauser
698,1960-dr-ing-f-porsche-kg,porsche,porsche
699,1960-racing-associates,lesovsky,offenhauser
700,1960-reventlow-automobiles-inc,scarab,scarab
701,1960-robert-bodle-ltd,lotus,climax
702,1960-roy-mckay,kurtis,offenhauser
703,1960-rrc-walker-racing-team,cooper,climax
704,1960-rrc-walker-racing-team,lotus,climax
705,1960-scuderia-centro-sud,cooper,maserati
706,1960-scuderia-colonia,cooper,climax
707,1960-scuderia-eugenio-castellotti,cooper,castellotti
708,1960-scuderia-ferrari,ferrari,ferrari
709,1960-taylor-crawley-racing-team,lotus,climax
710,1960-team-lotus,lotus,climax
711,1960-vandervell-products,vanwall,vanwall
712,1960-william-p-forbes,meskowski,offenhauser
713,1960-wolfgang-seidel,cooper,climax
714,1960-yeoman-credit-racing-team,cooper,climax
715,1961-bernard-collomb,cooper,climax
716,1961-camoradi-international,cooper,climax
717,1961-camoradi-international,lotus,climax
718,1961-cooper-car-company,cooper,climax
719,1961-ecurie-maarsbergen,porsche,porsche
720,1961-equipe-nationale-belge,emeryson,maserati
721,1961-equipe-nationale-belge,lotus,climax
722,1961-equipe-nationale-belge,emeryson,climax
723,1961-fisa,ferrari,ferrari
724,1961-fred-tuck-cars,cooper,climax
725,1961-gaetano-starrabba,lotus,maserati
726,1961-gerry-ashmore,lotus,climax
727,1961-gilby-engineering,gilby,climax
728,1961-hap-sharp,cooper,climax
729,1961-hl-motors,cooper,climax
730,1961-isobele-de-tomaso,de-tomaso,alfa-romeo
731,1961-j-frank-harrison,lotus,climax
732,1961-j-wheeler-autosport,lotus,climax
733,1961-jb-naylor,jbw,climax
734,1961-jim-hall,lotus,climax
735,1961-john-m-wyatt-iii,cooper,climax
736,1961-louise-bryden-brown,lotus,climax
737,1961-momo-corporation,cooper,climax
738,1961-owen-racing-organisation,brm,climax
739,1961-pescara-racing-team,cooper,maserati
740,1961-porsche-system-engineering,porsche,porsche
741,1961-rrc-walker-racing-team,lotus,climax
742,1961-rrc-walker-racing-team,ferguson,climax
743,1961-scuderia-centro-sud,cooper,maserati
744,1961-scuderia-colonia,lotus,climax
745,1961-scuderia-ferrari-spa-sefac,ferrari,ferrari
746,1961-scuderia-santambroeus,ferrari,ferrari
747,1961-scuderia-serenissima,cooper,maserati
748,1961-scuderia-serenissima,de-tomaso,osca
749,1961-scuderia-serenissima,de-tomaso,alfa-romeo
750,1961-scuderia-settecolli,de-tomaso,osca
751,1961-team-lotus,lotus,climax
752,1961-tim-parnell,lotus,climax
753,1961-tony-marsh,lotus,climax
754,1961-udt-laystall-racing-team,lotus,climax
755,1961-yeoman-credit-racing-team,cooper,climax
756,1962-anglo-american-equipe,cooper,climax
757,1962-autosport-team-wolfgang-seidel,lotus,brm
758,1962-bernard-collomb,cooper,climax
759,1962-bowmaker-yeoman-racing-team,lola,climax
760,1962-brabham-racing-organisation,lotus,climax
761,1962-brabham-racing-organisation,brabham,climax
762,1962-cooper-car-company,cooper,climax
763,1962-dupont-team-zerex,lotus,climax
764,1962-ecurie-excelsior,lotus,climax
765,1962-ecurie-filipinetti,lotus,climax
766,1962-ecurie-filipinetti,lotus,brm
767,1962-ecurie-filipinetti,porsche,porsche
768,1962-ecurie-galloise,cooper,climax
769,1962-ecurie-galloise,brm,brm
770,1962-ecurie-maarsbergen,emeryson,climax
771,1962-ecurie-maarsbergen,porsche,porsche
772,1962-ecurie-nationale-suisse,lotus,climax
773,1962-emeryson-cars,lotus,climax
774,1962-emeryson-cars,emeryson,climax
775,1962-equipe-nationale-belge,lotus,climax
776,1962-equipe-nationale-belge,enb,maserati
777,1962-ernie-pieterse,lotus,climax
778,1962-gerry-ashmore,lotus,climax
779,1962-gilby-engineering,gilby,brm
780,1962-hap-sharp,cooper,climax
781,1962-jim-hall,lotus,climax
782,1962-john-dalton,lotus,climax
783,1962-john-love,cooper,climax
784,1962-john-mecom,lotus,climax
785,1962-mike-harris,cooper,alfa-romeo
786,1962-neville-lederle,lotus,climax
787,1962-otelle-nucci,lds,alfa-romeo
788,1962-owen-racing-organisation,brm,brm
789,1962-porsche-system-engineering,porsche,porsche
790,1962-rrc-walker-racing-team,lotus,climax
791,1962-scuderia-de-tomaso,de-tomaso,de-tomaso
792,1962-scuderia-ferrari-spa-sefac,ferrari,ferrari
793,1962-scuderia-jolly-club,lotus,climax
794,1962-scuderia-settecolli,de-tomaso,osca
795,1962-scuderia-sss-republica-di-venezia,lotus,climax
796,1962-scuderia-sss-republica-di-venezia,porsche,porsche
797,1962-team-lotus,lotus,climax
798,1962-udt-laystall-racing-team,lotus,climax
799,1962-udt-laystall-racing-team,lotus,brm
800,1963-andre-pilette,lotus,climax
801,1963-automobili-turismo-e-sport,ats,ats
802,1963-bernard-collomb,lotus,climax
803,1963-brabham-racing-organisation,brabham,climax
804,1963-brabham-racing-organisation,lotus,climax
805,1963-british-racing-partnership,lotus,brm
806,1963-british-racing-partnership,brp,brm
807,1963-canadian-stebro-racing,stebro,ford
808,1963-cooper-car-company,cooper,climax
809,1963-david-prophet,brabham,ford
810,1963-dw-racing-enterprises,lola,climax
811,1963-ecurie-filipinetti,lotus,brm
812,1963-ecurie-maarsbergen,porsche,porsche
813,1963-frank-dochnal,cooper,climax
814,1963-ian-raby-racing,gilby,brm
815,1963-john-love,cooper,climax
816,1963-kurt-kuhnke,lotus,borgward
817,1963-lawson-organisation,lotus,climax
818,1963-otelle-nucci,alfa-special,alfa-romeo
819,1963-otelle-nucci,lds,alfa-romeo
820,1963-owen-racing-organisation,brm,brm
821,1963-reg-parnell-racing,lola,climax
822,1963-reg-parnell-racing,lotus,climax
823,1963-reg-parnell-racing,lotus,brm
824,1963-rrc-walker-racing-team,cooper,climax
825,1963-sam-tingle,lds,alfa-romeo
826,1963-scirocco-powell-racing-cars,scirocco,brm
827,1963-scuderia-centro-sud,brm,brm
828,1963-scuderia-centro-sud,cooper,climax
829,1963-scuderia-centro-sud,cooper,maserati
830,1963-scuderia-ferrari-spa-sefac,ferrari,ferrari
831,1963-scuderia-lupini,cooper,maserati
832,1963-scuderia-settecolli,de-tomaso,ferrari
833,1963-selby-auto-spares,lotus,brm
834,1963-siffert-racing-team,lotus,brm
835,1963-team-lotus,lotus,climax
836,1963-ted-lanfear,lotus,ford
837,1963-tim-parnell,lotus,brm
838,1963-tim-parnell,lola,climax
839,1963-tim-parnell,lotus,climax
840,1964-bernard-collomb,lotus,climax
841,1964-bob-gerard-racing,cooper,ford
842,1964-brabham-racing-organisation,brabham,climax
843,1964-british-racing-partnership,lotus,brm
844,1964-british-racing-partnership,brp,brm
845,1964-cooper-car-company,cooper,climax
846,1964-derrington-francis-racing-team,derrington-francis,ats
847,1964-dw-racing-enterprises,brabham,climax
848,1964-ecurie-maarsbergen,porsche,porsche
849,1964-equipe-scirocco-belge,scirocco,climax
850,1964-fabre-urbain,cooper,climax
851,1964-honda-rd-company,honda,honda
852,1964-ian-raby-racing,brabham,brm
853,1964-john-willment-automobiles,brabham,ford
854,1964-maurice-trintignant,brm,brm
855,1964-owen-racing-organisation,brm,brm
856,1964-north-american-racing-team,ferrari,ferrari
857,1964-reg-parnell-racing,lotus,brm
858,1964-reg-parnell-racing,lotus,climax
859,1964-revson-racing,lotus,brm
860,1964-rrc-walker-racing-team,cooper,climax
861,1964-rrc-walker-racing-team,brabham,brm
862,1964-rrc-walker-racing-team,brabham,climax
863,1964-scuderia-centro-sud,brm,brm
864,1964-scuderia-ferrari-spa-sefac,ferrari,ferrari
865,1964-siffert-racing-team,lotus,brm
866,1964-siffert-racing-team,brabham,brm
867,1964-team-lotus,lotus,climax
868,1965-bob-gerard-racing,cooper,climax
869,1965-bob-gerard-racing,cooper,ford
870,1965-brabham-racing-organisation,brabham,climax
871,1965-brian-gubby,lotus,climax
872,1965-clive-puzey-motors,lotus,climax
873,1965-cooper-car-company,cooper,climax
874,1965-david-prophet,brabham,ford
875,1965-dw-racing-enterprises,brabham,climax
876,1965-dw-racing-enterprises,lotus,climax
877,1965-ecurie-tomahawk,lotus,ford
878,1965-honda-rd-company,honda,honda
879,1965-ian-raby-racing,brabham,brm
880,1965-jackie-pretorius,lds,alfa-romeo
881,1965-john-love,cooper,climax
882,1965-john-willment-automobiles,brabham,brm
883,1965-john-willment-automobiles,brabham,ford
884,1965-lawson-organisation,lotus,climax
885,1965-north-american-racing-team,ferrari,ferrari
886,1965-otelle-nucci,alfa-special,alfa-romeo
887,1965-otelle-nucci,lds,climax
888,1965-owen-racing-organisation,brm,brm
889,1965-reg-parnell-racing,lotus,brm
890,1965-rrc-walker-racing-team,brabham,brm
891,1965-rrc-walker-racing-team,brabham,climax
892,1965-sam-tingle,lds,alfa-romeo
893,1965-scuderia-centro-sud,brm,brm
894,1965-scuderia-ferrari-spa-sefac,ferrari,ferrari
895,1965-scuderia-scribante,lotus,climax
896,1965-team-lotus,lotus,climax
897,1965-ted-lanfear,lotus,ford
898,1965-trevor-blokdyk,cooper,ford
899,1966-anglo-american-racers,eagle,climax
900,1966-anglo-american-racers,eagle,weslake
901,1966-anglo-suisse-racing-team,cooper,maserati
902,1966-anglo-suisse-racing-team,brabham,climax
903,1966-bernard-white-racing,brm,brm
904,1966-brabham-racing-organisation,brabham,climax
905,1966-brabham-racing-organisation,brabham,repco
906,1966-bruce-mclaren-motor-racing,mclaren,ford
907,1966-bruce-mclaren-motor-racing,mclaren,serenissima
908,1966-caltex-racing-team,brabham,ford
909,1966-chris-amon-racing,brabham,brm
910,1966-cooper-car-company,cooper,maserati
911,1966-david-bridges,brabham,brm
912,1966-dw-racing-enterprises,brabham,climax
913,1966-guy-ligier,cooper,maserati
914,1966-honda-rd-company,honda,honda
915,1966-ja-pearce-engineering-ltd,cooper,ferrari
916,1966-matra-sports,matra,ford
917,1966-owen-racing-organisation,brm,brm
918,1966-phil-hill,lotus,climax
919,1966-phil-hill,mclaren,ford
920,1966-reg-parnell-racing,lotus,brm
921,1966-reg-parnell-racing,ferrari,ferrari
922,1966-roy-winkelmann-racing,brabham,ford
923,1966-rrc-walker-racing-team,brabham,brm
924,1966-rrc-walker-racing-team,cooper,maserati
925,1966-scuderia-ferrari-spa-sefac,ferrari,ferrari
926,1966-shannon-racing-cars,shannon,climax
927,1966-silvio-moser,brabham,ford
928,1966-team-chamaco-collect,brm,brm
929,1966-team-lotus,lotus,climax
930,1966-team-lotus,lotus,brm
931,1966-team-lotus,lotus,ford
932,1966-tyrrell-racing-organisation,matra,brm
933,1966-tyrrell-racing-organisation,matra,ford
934,1967-anglo-american-racers,eagle,climax
935,1967-anglo-american-racers,eagle,weslake
936,1967-bayerische-motoren-werke-ag,lola,bmw
937,1967-bernard-white-racing,brm,brm
938,1967-brabham-racing-organisation,brabham,repco
939,1967-bruce-mclaren-motor-racing,mclaren,brm
940,1967-castrol-oils-ltd,eagle,climax
941,1967-charles-vogele-racing,cooper,ats
942,1967-cooper-car-company,cooper,maserati
943,1967-dw-racing-enterprises,brabham,climax
944,1967-ecurie-ford-france,matra,ford
945,1967-gerhard-mitter,brabham,ford
946,1967-guy-ligier,cooper,maserati
947,1967-guy-ligier,brabham,repco
948,1967-honda-racing,honda,honda
949,1967-joakim-bonnier-racing-team,cooper,maserati
950,1967-john-love,cooper,climax
951,1967-lola-cars,lola,bmw
952,1967-lola-cars,lola,ford
953,1967-luki-botha,brabham,climax
954,1967-matra-sports,matra,ford
955,1967-mike-fisher,lotus,brm
956,1967-owen-racing-organisation,brm,brm
957,1967-reg-parnell-racing,lotus,brm
958,1967-reg-parnell-racing,brm,brm
959,1967-rob-walker-jack-durlacher-racing-team,cooper,maserati
960,1967-ron-harris-racing-team,protos,ford
961,1967-roy-winkelmann-racing,brabham,ford
962,1967-sam-tingle,lds,climax
963,1967-scuderia-ferrari-spa-sefac,ferrari,ferrari
964,1967-scuderia-scribante,brabham,climax
965,1967-team-lotus,lotus,brm
966,1967-team-lotus,lotus,climax
967,1967-team-lotus,lotus,ford
968,1967-tom-jones,cooper,climax
969,1967-tyrrell-racing-organisation,matra,ford
970,1968-anglo-american-racers,eagle,weslake
971,1968-anglo-american-racers,mclaren,ford
972,1968-bayerische-motoren-werke-ag,lola,bmw
973,1968-bernard-white-racing,brm,brm
974,1968-brabham-racing-organisation,brabham,repco
975,1968-bruce-mclaren-motor-racing,mclaren,brm
976,1968-bruce-mclaren-motor-racing,mclaren,ford
977,1968-caltex-racing-team,brabham,repco
978,1968-castrol-oils-ltd,eagle,climax
979,1968-charles-vogele-racing,brabham,repco
980,1968-cooper-car-company,cooper,maserati
981,1968-cooper-car-company,cooper,brm
982,1968-honda-racing,honda,honda
983,1968-joakim-bonnier-racing-team,cooper,maserati
984,1968-joakim-bonnier-racing-team,mclaren,brm
985,1968-joakim-bonnier-racing-team,honda,honda
986,1968-john-love,cooper,climax
987,1968-matra-international,matra,ford
988,1968-matra-sports,matra,ford
989,1968-matra-sports,matra,matra
990,1968-owen-racing-organisation,brm,brm
991,1968-reg-parnell-racing,brm,brm
992,1968-rob-walker-jack-durlacher-racing-team,cooper,maserati
993,1968-rob-walker-jack-durlacher-racing-team,lotus,ford
994,1968-scuderia-ferrari-spa-sefac,ferrari,ferrari
995,1968-scuderia-scribante,brabham,repco
996,1968-team-gunston,brabham,repco
997,1968-team-gunston,lds,repco
998,1968-team-lotus,lotus,ford
999,1968-team-pretoria,brabham,climax
1000,1969-ahrens-racing-team,brabham,ford
1001,1969-antique-automobiles,cooper,maserati
1002,1969-antique-automobiles,mclaren,ford
1003,1969-bayerische-motoren-werke-ag,bmw,bmw
1004,1969-bruce-mclaren-motor-racing,mclaren,ford
1005,1969-ecurie-bonnier,lotus,ford
1006,1969-felday-engineering-ltd,brabham,ford
1007,1969-frank-williams-racing-cars,brabham,ford
1008,1969-gold-leaf-team-lotus,lotus,ford
1009,1969-jack-holme,brabham,repco
1010,1969-john-maryon,eagle,climax
1011,1969-matra-international,matra,ford
1012,1969-matra-sports,matra,ford
1013,1969-motor-racing-developments-ltd,brabham,ford
1014,1969-north-american-racing-team,ferrari,ferrari
1015,1969-owen-racing-organisation,brm,brm
1016,1969-paul-seitz,brabham,climax
1017,1969-pete-lovely-volkswagen-inc,lotus,ford
1018,1969-reg-parnell-racing,brm,brm
1019,1969-rob-walker-jack-durlacher-racing-team,lotus,ford
1020,1969-roy-winkelmann-racing,lotus,ford
1021,1969-scuderia-ferrari-spa-sefac,ferrari,ferrari
1022,1969-silvio-moser,brabham,ford
1023,1969-squadra-tartaruga,brabham,ford
1024,1969-team-gunston,brabham,repco
1025,1969-team-gunston,lotus,ford
1026,1969-team-lawson,mclaren,ford
1027,1969-tecno-racing-team,tecno,ford
1028,1970-antique-automobiles-racing-team,march,ford
1029,1970-auto-motor-und-sport,brabham,ford
1030,1970-brooke-bond-oxo-racing-rob-walker,lotus,ford
1031,1970-bruce-mclaren-motor-racing,mclaren,ford
1032,1970-bruce-mclaren-motor-racing,mclaren,alfa-romeo
1033,1970-ecurie-bonnier,mclaren,ford
1034,1970-equipe-matra-elf,matra,matra
1035,1970-frank-williams-racing-cars,de-tomaso,ford
1036,1970-garvey-team-lotus,lotus,ford
1037,1970-gold-leaf-team-lotus,lotus,ford
1038,1970-gus-hutchison,brabham,ford
1039,1970-hubert-hahne,march,ford
1040,1970-march-engineering,march,ford
1041,1970-motor-racing-developments-ltd,brabham,ford
1042,1970-pete-lovely-volkswagen-inc,lotus,ford
1043,1970-scuderia-ferrari-spa-sefac,ferrari,ferrari
1044,1970-scuderia-scribante,lotus,ford
1045,1970-silvio-moser,bellasi,ford
1046,1970-stp-corporation,march,ford
1047,1970-team-gunston,brabham,ford
1048,1970-team-gunston,lotus,ford
1049,1970-team-surtees,mclaren,ford
1050,1970-team-surtees,surtees,ford
1051,1970-tom-wheatcroft-racing,brabham,ford
1052,1970-tyrrell-racing-organisation,march,ford
1053,1970-tyrrell-racing-organisation,tyrrell,ford
1054,1970-world-wide-racing,lotus,ford
1055,1970-yardley-team-brm,brm,brm
1056,1971-auto-motor-und-sport-team-surtees,surtees,ford
1057,1971-brooke-bond-oxo-team-surtees,surtees,ford
1058,1971-bruce-mclaren-motor-racing,mclaren,ford
1059,1971-clarke-mordaunt-guthrie-racing,march,ford
1060,1971-ecurie-bonnier,mclaren,ford
1061,1971-ecurie-evergreen,brabham,ford
1062,1971-elf-team-tyrrell,tyrrell,ford
1063,1971-equipe-matra-sports,matra,matra
1064,1971-frank-williams-racing-cars,march,ford
1065,1971-gene-mason-racing,march,ford
1066,1971-gold-leaf-team-lotus,lotus,ford
1067,1971-gold-leaf-team-lotus,lotus,pratt-whitney
1068,1971-jo-siffert-automobiles,march,ford
1069,1971-jolly-club-of-switzerland,bellasi,ford
1070,1971-motor-racing-developments-ltd,brabham,ford
1071,1971-penske-white-racing,mclaren,ford
1072,1971-pete-lovely-volkswagen-inc,lotus,ford
1073,1971-scuderia-ferrari-spa-sefac,ferrari,ferrari
1074,1971-scuderia-scribante,brabham,ford
1075,1971-shell-arnold-team,march,ford
1076,1971-stichting-autoraces-nederland,surtees,ford
1077,1971-stp-march-racing-team,march,alfa-romeo
1078,1971-stp-march-racing-team,march,ford
1079,1971-team-gunston,brabham,ford
1080,1971-team-gunston,march,ford
1081,1971-team-surtees,surtees,ford
1082,1971-world-wide-racing,lotus,pratt-whitney
1083,1971-yardley-team-brm,brm,brm
1084,1972-brooke-bond-oxo-team-surtees,surtees,ford
1085,1972-ceramica-pagnossin-team-surtees,surtees,ford
1086,1972-champcarr-inc,surtees,ford
1087,1972-clarke-mordaunt-guthrie-racing,march,ford
1088,1972-darnval-connew-racing-team,connew,ford
1089,1972-elf-team-tyrrell,tyrrell,ford
1090,1972-equipe-matra-sports,matra,matra
1091,1972-flame-out-team-surtees,surtees,ford
1092,1972-gene-mason-racing,march,ford
1093,1972-john-player-team-lotus,lotus,ford
1094,1972-marlboro-brm,brm,brm
1095,1972-martini-racing,tecno,tecno
1096,1972-motor-racing-developments,brabham,ford
1097,1972-scribante-lucky-strike-racing,lotus,ford
1098,1972-scuderia-ferrari-spa-sefac,ferrari,ferrari
1099,1972-stp-march-racing-team,march,ford
1100,1972-team-eifelland-caravans,eifelland,ford
1101,1972-team-gunston,brabham,ford
1102,1972-team-gunston,surtees,ford
1103,1972-team-surtees,surtees,ford
1104,1972-team-williams-motul,march,ford
1105,1972-team-williams-motul,politoys,ford
1106,1972-yardley-team-mclaren,mclaren,ford
1107,1973-blignaut-lucky-strike-racing,tyrrell,ford
1108,1973-brooke-bond-oxo-team-surtees,surtees,ford
1109,1973-ceramica-pagnossin-mrd,brabham,ford
1110,1973-ceramica-pagnossin-team-surtees,surtees,ford
1111,1973-clarke-mordaunt-guthrie-racing,march,ford
1112,1973-elf-team-tyrrell,tyrrell,ford
1113,1973-embassy-racing,shadow,ford
1114,1973-frank-williams-racing-cars,iso-marlboro,ford
1115,1973-hesketh-racing,march,ford
1116,1973-john-player-team-lotus,lotus,ford
1117,1973-lec-refrigeration-racing,march,ford
1118,1973-march-racing-team,march,ford
1119,1973-marlboro-brm,brm,brm
1120,1973-martini-racing-team,tecno,tecno
1121,1973-motor-racing-developments,brabham,ford
1122,1973-scribante-lucky-strike-racing,lotus,ford
1123,1973-scuderia-ferrari-spa-sefac,ferrari,ferrari
1124,1973-team-ensign,ensign,ford
1125,1973-team-pierre-robert,march,ford
1126,1973-team-surtees,surtees,ford
1127,1973-uop-shadow-racing,shadow,ford
1128,1973-yardley-team-mclaren,mclaren,ford
1129,1974-aaw-racing-team,surtees,ford
1130,1974-allied-polymer-group,brabham,ford
1131,1974-bang-olufsen-team-surtees,surtees,ford
1132,1974-blignaut-embassy-racing,tyrrell,ford
1133,1974-dalton-amon-international,amon,ford
1134,1974-dempster-international-racing-team,march,ford
1135,1974-elf-team-tyrrell,tyrrell,ford
1136,1974-embassy-racing-with-graham-hill,lola,ford
1137,1974-frank-williams-racing-cars,iso-marlboro,ford
1138,1974-hesketh-racing,march,ford
1139,1974-hesketh-racing,hesketh,ford
1140,1974-john-goldie-racing-with-hexagon,brabham,ford
1141,1974-john-player-team-lotus,lotus,ford
1142,1974-maki-engineering,maki,ford
1143,1974-march-engineering,march,ford
1144,1974-marlboro-team-texaco,mclaren,ford
1145,1974-memphis-international-team-surtees,surtees,ford
1146,1974-motor-racing-developments,brabham,ford
1147,1974-penske-cars,penske,ford
1148,1974-pinch-plant-ltd,lyncar,ford
1149,1974-scribante-lucky-strike-racing,mclaren,ford
1150,1974-scuderia-ferrari-spa-sefac,ferrari,ferrari
1151,1974-scuderia-finotto,brabham,ford
1152,1974-team-canada-f1-racing,brabham,ford
1153,1974-team-ensign,ensign,ford
1154,1974-team-gunston,lotus,ford
1155,1974-team-motul-brm,brm,brm
1156,1974-team-surtees,surtees,ford
1157,1974-the-chequered-flag,brabham,ford
1158,1974-token-racing,token,ford
1159,1974-trojan-tauranac-racing,trojan,ford
1160,1974-uop-shadow-racing,shadow,ford
1161,1974-vels-parnelli-jones-racing,parnelli,ford
1162,1974-yardley-team-mclaren,mclaren,ford
1163,1975-beta-team-march,march,ford
1164,1975-copersucar-fittipaldi,fittipaldi,ford
1165,1975-custom-made-harry-stiller-racing,hesketh,ford
1166,1975-elf-team-tyrrell,tyrrell,ford
1167,1975-embassy-racing-with-graham-hill,lola,ford
1168,1975-embassy-racing-with-graham-hill,hill,ford
1169,1975-frank-williams-racing-cars,frank-williams-racing-cars,ford
1170,1975-hb-bewaking-team-ensign,ensign,ford
1171,1975-hesketh-racing,hesketh,ford
1172,1975-john-player-team-lotus,lotus,ford
1173,1975-lavazza-march,march,ford
1174,1975-lexington-racing,tyrrell,ford
1175,1975-lucky-strike-racing,mclaren,ford
1176,1975-maki-engineering,maki,ford
1177,1975-marlboro-team-mclaren,mclaren,ford
1178,1975-martini-racing,brabham,ford
1179,1975-national-organs-team-surtees,surtees,ford
1180,1975-penske-cars,penske,ford
1181,1975-penske-cars,march,ford
1182,1975-pinch-plant-ltd,lyncar,ford
1183,1975-polar-caravans,hesketh,ford
1184,1975-scuderia-ferrari-spa-sefac,ferrari,ferrari
1185,1975-stanley-brm,brm,brm
1186,1975-team-gunston,lotus,ford
1187,1975-team-surtees,surtees,ford
1188,1975-uop-shadow-racing,shadow,ford
1189,1975-uop-shadow-racing,shadow,matra
1190,1975-vels-parnelli-jones-racing,parnelli,ford
1191,1975-warsteiner-brewery,hesketh,ford
1192,1976-beta-team-march,march,ford
1193,1976-citibank-team-penske,penske,ford
1194,1976-copersucar-fittipaldi,fittipaldi,ford
1195,1976-durex-team-surtees,surtees,ford
1196,1976-elf-team-tyrrell,tyrrell,ford
1197,1976-fs-properties,penske,ford
1198,1976-hb-bewaking-alarm-systems,boro,ford
1199,1976-heros-racing,tyrrell,ford
1200,1976-hesketh-racing,hesketh,ford
1201,1976-john-player-team-lotus,lotus,ford
1202,1976-kojima-engineering,kojima,ford
1203,1976-lavazza-march,march,ford
1204,1976-lexington-racing,tyrrell,ford
1205,1976-ligier-gitanes,ligier,matra
1206,1976-lucky-strike-shadow-racing,shadow,ford
1207,1976-maki-engineering,maki,ford
1208,1976-mapfre-williams,williams,ford
1209,1976-march-engineering,march,ford
1210,1976-marlboro-team-mclaren,mclaren,ford
1211,1976-martini-racing,brabham,alfa-romeo
1212,1976-oasc-racing-team,tyrrell,ford
1213,1976-ovoro-team-march,march,ford
1214,1976-penthouse-rizla-racing-with-hesketh,hesketh,ford
1215,1976-ram-racing,brabham,ford
1216,1976-scuderia-ferrari-spa-sefac,ferrari,ferrari
1217,1976-scuderia-gulf-rondini,tyrrell,ford
1218,1976-shellsport-whiting,surtees,ford
1219,1976-stanley-brm,brm,brm
1220,1976-tabatip-shadow-racing,shadow,ford
1221,1976-team-ensign,ensign,ford
1222,1976-team-norev-bs-fabrications,surtees,ford
1223,1976-team-pr-reilly,shadow,ford
1224,1976-team-surtees,surtees,ford
1225,1976-vels-parnelli-jones-racing,parnelli,ford
1226,1976-wolf-williams-racing,wolf-williams,ford
1227,1977-ambrosio-tabatip-shadow-racing,shadow,ford
1228,1977-ats-racing-team,penske,ford
1229,1977-beta-team-surtees,surtees,ford
1230,1977-brian-mcguire,mcguire,ford
1231,1977-british-formula-one-racing-team,march,ford
1232,1977-chesterfield-racing,march,ford
1233,1977-chesterfield-racing,mclaren,ford
1234,1977-copersucar-fittipaldi,fittipaldi,ford
1235,1977-durex-team-surtees,surtees,ford
1236,1977-elf-team-tyrrell,tyrrell,ford
1237,1977-equipe-renault-elf,renault,renault
1238,1977-hb-bewaking-alarmsystemen,boro,ford
1239,1977-heros-racing-corporation,kojima,ford
1240,1977-hesketh-racing,hesketh,ford
1241,1977-hollywood-march-racing,march,ford
1242,1977-iberia-airlines,mclaren,ford
1243,1977-interscope-racing,penske,ford
1244,1977-john-player-team-lotus,lotus,ford
1245,1977-jolly-club-of-switzerland,apollon,ford
1246,1977-kojima-engineering,kojima,ford
1247,1977-lec-refrigeration-racing,lec,ford
1248,1977-ligier-gitanes,ligier,matra
1249,1977-marlboro-team-mclaren,mclaren,ford
1250,1977-martini-racing,brabham,alfa-romeo
1251,1977-meiritsu-racing-team,tyrrell,ford
1252,1977-melchester-racing,surtees,ford
1253,1977-penthouse-rizla-racing,hesketh,ford
1254,1977-ram-racing-fs-properties,march,ford
1255,1977-scuderia-ferrari-spa-sefac,ferrari,ferrari
1256,1977-stanley-brm,brm,brm
1257,1977-team-merzario,march,ford
1258,1977-team-rothmans-international,march,ford
1259,1977-team-surtees,surtees,ford
1260,1977-team-tissot-ensign-with-castrol,ensign,ford
1261,1977-theodore-racing-hong-kong,ensign,ford
1262,1977-walter-wolf-racing,wolf,ford
1263,1977-williams-grand-prix-engineering,march,ford
1264,1978-arrows-racing-team,arrows,ford
1265,1978-ats-racing-team,ats-wheels,ford
1266,1978-automobiles-martini,martini,ford
1267,1978-beta-team-surtees,surtees,ford
1268,1978-centro-asegurador-f1,mclaren,ford
1269,1978-durex-team-surtees,surtees,ford
1270,1978-elf-team-tyrrell,tyrrell,ford
1271,1978-equipe-renault-elf,renault,renault
1272,1978-fittipaldi-automotive,fittipaldi,ford
1273,1978-interscope-racing,shadow,ford
1274,1978-john-player-team-lotus,lotus,ford
1275,1978-liggett-group-bs-fabrications,mclaren,ford
1276,1978-ligier-gitanes,ligier,matra
1277,1978-mario-deliotti-racing,ensign,ford
1278,1978-marlboro-team-mclaren,mclaren,ford
1279,1978-melchester-racing,mclaren,ford
1280,1978-olympus-cameras-hesketh-racing,hesketh,ford
1281,1978-parmalat-racing-team,brabham,alfa-romeo
1282,1978-patrick-neve,march,ford
1283,1978-sachs-racing,ensign,ford
1284,1978-scuderia-ferrari-spa-sefac,ferrari,ferrari
1285,1978-team-merzario,merzario,ford
1286,1978-team-rebaque,lotus,ford
1287,1978-team-surtees,surtees,ford
1288,1978-team-tissot-ensign,ensign,ford
1289,1978-theodore-racing,theodore,ford
1290,1978-theodore-racing-hong-kong,theodore,ford
1291,1978-theodore-racing-hong-kong,wolf,ford
1292,1978-villiger-shadow-racing,shadow,ford
1293,1978-walter-wolf-racing,wolf,ford
1294,1978-williams-grand-prix-engineering,williams,ford
1295,1979-albilad-saudia-racing-team,williams,ford
1296,1979-ats-wheels,ats-wheels,ford
1297,1979-autodelta,alfa-romeo,alfa-romeo
1298,1979-candy-team-tyrrell,tyrrell,ford
1299,1979-equipe-renault-elf,renault,renault
1300,1979-fittipaldi-automotive,fittipaldi,ford
1301,1979-interscope-shadow-racing,shadow,ford
1302,1979-ligier-gitanes,ligier,ford
1303,1979-marlboro-team-mclaren,mclaren,ford
1304,1979-martini-racing-team-lotus,lotus,ford
1305,1979-olympus-cameras-wolf-racing,wolf,ford
1306,1979-parmalat-racing-team,brabham,alfa-romeo
1307,1979-parmalat-racing-team,brabham,ford
1308,1979-samson-shadow-racing,shadow,ford
1309,1979-scuderia-ferrari-spa-sefac,ferrari,ferrari
1310,1979-team-ensign,ensign,ford
1311,1979-team-merzario,merzario,ford
1312,1979-team-rebaque,lotus,ford
1313,1979-team-rebaque,rebaque,ford
1314,1979-warsteiner-arrows-racing-team,arrows,ford
1315,1979-willi-kauhsen-racing-team,kauhsen,ford
1316,1980-albilad-williams-racing-team,williams,ford
1317,1980-brands-hatch-racing,williams,ford
1318,1980-candy-team-tyrrell,tyrrell,ford
1319,1980-equipe-ligier-gitanes,ligier,ford
1320,1980-equipe-renault-elf,renault,renault
1321,1980-marlboro-team-alfa-romeo,alfa-romeo,alfa-romeo
1322,1980-marlboro-team-mclaren,mclaren,ford
1323,1980-osella-squadra-corse,osella,ford
1324,1980-parmalat-racing-team,brabham,ford
1325,1980-ram-penthouse-rizla-racing,williams,ford
1326,1980-ram-rainbow-jeans-racing,williams,ford
1327,1980-ram-williams-grand-prix-engineering,williams,ford
1328,1980-scuderia-ferrari-spa-sefac,ferrari,ferrari
1329,1980-skol-fittipaldi-team,fittipaldi,ford
1330,1980-team-ats,ats-wheels,ford
1331,1980-team-essex-lotus,lotus,ford
1332,1980-theodore-shadow,shadow,ford
1333,1980-unipart-racing-team,ensign,ford
1334,1980-warsteiner-arrows-racing-team,arrows,ford
1335,1981-albilad-williams-racing-team,williams,ford
1336,1981-candy-toleman-motorsport,toleman,hart
1337,1981-ensign-racing,ensign,ford
1338,1981-equipe-renault-elf,renault,renault
1339,1981-equipe-talbot-gitanes,ligier,matra
1340,1981-fittipaldi-automotive,fittipaldi,ford
1341,1981-march-grand-prix-team,march,ford
1342,1981-marlboro-mclaren-international,mclaren,ford
1343,1981-marlboro-team-alfa-romeo,alfa-romeo,alfa-romeo
1344,1981-osella-squadra-corse,osella,ford
1345,1981-parmalat-racing-team,brabham,ford
1346,1981-ragno-arrows-beta-racing-team,arrows,ford
1347,1981-scuderia-ferrari-spa-sefac,ferrari,ferrari
1348,1981-team-ats,ats-wheels,ford
1349,1981-team-essex-lotus,lotus,ford
1350,1981-theodore-racing-team,theodore,ford
1351,1981-tyrrell-racing-team,tyrrell,ford
1352,1982-arrows-racing-team,arrows,ford
1353,1982-candy-toleman-motorsport,toleman,hart
1354,1982-ensign-racing,ensign,ford
1355,1982-equipe-renault-elf,renault,renault
1356,1982-equipe-talbot-gitanes,ligier,matra
1357,1982-fittipaldi-automotive,fittipaldi,ford
1358,1982-john-player-team-lotus,lotus,ford
1359,1982-lbt-team-march,march,ford
1360,1982-marlboro-mclaren-international,mclaren,ford
1361,1982-marlboro-team-alfa-romeo,alfa-romeo,alfa-romeo
1362,1982-osella-squadra-corse,osella,ford
1363,1982-parmalat-racing-team,brabham,bmw
1364,1982-parmalat-racing-team,brabham,ford
1365,1982-rothmans-march-grand-prix-team,march,ford
1366,1982-scuderia-ferrari-spa-sefac,ferrari,ferrari
1367,1982-tag-williams-team,williams,ford
1368,1982-team-ats,ats-wheels,ford
1369,1982-team-tyrrell,tyrrell,ford
1370,1982-theodore-racing-team,theodore,ford
1371,1983-arrows-racing-team,arrows,ford
1372,1983-benetton-tyrrell-team,tyrrell,ford
1373,1983-candy-toleman-motorsport,toleman,hart
1374,1983-equipe-ligier-gitanes,ligier,ford
1375,1983-equipe-renault-elf,renault,renault
1376,1983-fila-sport,brabham,bmw
1377,1983-john-player-team-lotus,lotus,ford
1378,1983-john-player-team-lotus,lotus,renault
1379,1983-marlboro-mclaren-international,mclaren,ford
1380,1983-marlboro-mclaren-international,mclaren,tag
1381,1983-marlboro-team-alfa-romeo,alfa-romeo,alfa-romeo
1382,1983-osella-squadra-corse,osella,ford
1383,1983-osella-squadra-corse,osella,alfa-romeo
1384,1983-ram-racing-team-march,ram,ford
1385,1983-scuderia-ferrari-spa-sefac,ferrari,ferrari
1386,1983-spirit-racing,spirit,honda
1387,1983-tag-williams-team,williams,ford
1388,1983-tag-williams-team,williams,honda
1389,1983-team-ats,ats-wheels,bmw
1390,1983-theodore-racing-team,theodore,ford
1391,1984-barclay-nordica-arrows-bmw,arrows,ford
1392,1984-barclay-nordica-arrows-bmw,arrows,bmw
1393,1984-benetton-team-alfa-romeo,alfa-romeo,alfa-romeo
1394,1984-equipe-renault-elf,renault,renault
1395,1984-john-player-team-lotus,lotus,renault
1396,1984-ligier-loto,ligier,renault
1397,1984-marlboro-mclaren-international,mclaren,tag
1398,1984-mrd-international,brabham,bmw
1399,1984-osella-squadra-corse,osella,alfa-romeo
1400,1984-scuderia-ferrari-spa-sefac,ferrari,ferrari
1401,1984-skoal-bandit-formula-1-team,ram,hart
1402,1984-spirit-racing,spirit,hart
1403,1984-spirit-racing,spirit,ford
1404,1984-team-ats,ats-wheels,bmw
1405,1984-toleman-group-motorsport,toleman,hart
1406,1984-tyrrell-racing-organisation,tyrrell,ford
1407,1984-williams-grand-prix-engineering,williams,honda
1408,1985-barclay-arrows-bmw,arrows,bmw
1409,1985-benetton-team-alfa-romeo,alfa-romeo,alfa-romeo
1410,1985-canon-williams-honda-team,williams,honda
1411,1985-equipe-ligier,ligier,renault
1412,1985-equipe-renault-elf,renault,renault
1413,1985-john-player-special-team-lotus,lotus,renault
1414,1985-marlboro-mclaren-international,mclaren,tag
1415,1985-minardi-team-spa,minardi,ford
1416,1985-minardi-team-spa,minardi,motori-moderni
1417,1985-motor-racing-developments,brabham,bmw
1418,1985-osella-squadra-corse,osella,alfa-romeo
1419,1985-scuderia-ferrari-spa-sefac,ferrari,ferrari
1420,1985-skoal-bandit-formula-1-team,ram,hart
1421,1985-spirit-enterprises-ltd,spirit,hart
1422,1985-team-haas-usa-ltd,lola,hart
1423,1985-toleman-group-motorsport,toleman,hart
1424,1985-tyrrell-racing-organisation,tyrrell,ford
1425,1985-tyrrell-racing-organisation,tyrrell,renault
1426,1985-west-zakspeed-racing,zakspeed,zakspeed
1427,1986-barclay-arrows-bmw,arrows,bmw
1428,1986-benetton-formula-ltd,benetton,bmw
1429,1986-canon-williams-honda-team,williams,honda
1430,1986-data-general-team-tyrrell,tyrrell,renault
1431,1986-equipe-ligier,ligier,renault
1432,1986-john-player-special-team-lotus,lotus,renault
1433,1986-jolly-club-spa,ags,motori-moderni
1434,1986-marlboro-mclaren-international,mclaren,tag
1435,1986-minardi-team-spa,minardi,motori-moderni
1436,1986-motor-racing-developments,brabham,bmw
1437,1986-osella-squadra-corse,osella,alfa-romeo
1438,1986-scuderia-ferrari-spa-sefac,ferrari,ferrari
1439,1986-team-haas-usa-ltd,lola,hart
1440,1986-team-haas-usa-ltd,lola,ford
1441,1986-west-zakspeed-racing,zakspeed,zakspeed
1442,1987-benetton-formula-ltd,benetton,ford
1443,1987-camel-team-lotus-honda,lotus,honda
1444,1987-canon-williams-honda-team,williams,honda
1445,1987-data-general-team-tyrrell,tyrrell,ford
1446,1987-enzo-coloni-racing-car-system,coloni,ford
1447,1987-larrousse-calmels,lola,ford
1448,1987-leyton-house-march-racing-team,march,ford
1449,1987-ligier-loto,ligier,megatron
1450,1987-marlboro-mclaren-international,mclaren,tag
1451,1987-minardi-team-spa,minardi,motori-moderni
1452,1987-motor-racing-developments,brabham,bmw
1453,1987-osella-squadra-corse,osella,alfa-romeo
1454,1987-scuderia-ferrari-spa-sefac,ferrari,ferrari
1455,1987-team-el-charro-ags,ags,ford
1456,1987-usfg-arrows-megatron,arrows,megatron
1457,1987-west-zakspeed-racing,zakspeed,zakspeed
1458,1988-automobiles-gonfaronnaises-sportives,ags,ford
1459,1988-benetton-formula-ltd,benetton,ford
1460,1988-bms-scuderia-italia,dallara,ford
1461,1988-camel-team-lotus-honda,lotus,honda
1462,1988-canon-williams-team,williams,judd
1463,1988-coloni-spa,coloni,ford
1464,1988-eurobrun-racing,eurobrun,ford
1465,1988-honda-marlboro-mclaren,mclaren,honda
1466,1988-larrousse-calmels,lola,ford
1467,1988-leyton-house-march-racing-team,march,judd
1468,1988-ligier-loto,ligier,judd
1469,1988-lois-minardi-team-spa,minardi,ford
1470,1988-osella-squadra-corse,osella,osella
1471,1988-rial-racing,rial,ford
1472,1988-scuderia-ferrari-spa-sefac,ferrari,ferrari
1473,1988-tyrrell-racing-organisation,tyrrell,ford
1474,1988-usfg-arrows-megatron,arrows,megatron
1475,1988-west-zakspeed-racing,zakspeed,zakspeed
1476,1989-arrows-grand-prix-international,arrows,ford
1477,1989-automobiles-gonfaronnaises-sportives,ags,ford
1478,1989-benetton-formula-ltd,benetton,ford
1479,1989-bms-scuderia-italia,dallara,ford
1480,1989-camel-team-lotus,lotus,judd
1481,1989-canon-williams-team,williams,renault
1482,1989-coloni-spa,coloni,ford
1483,1989-equipe-larrousse,lola,lamborghini
1484,1989-eurobrun-racing,eurobrun,judd
1485,1989-first-racing,first,judd
1486,1989-honda-marlboro-mclaren,mclaren,honda
1487,1989-leyton-house-march-racing-team,march,judd
1488,1989-ligier-loto,ligier,ford
1489,1989-minardi-team-spa,minardi,ford
1490,1989-moneytron-onyx-formula-one,onyx,ford
1491,1989-motor-racing-developments,brabham,judd
1492,1989-osella-squadra-corse,osella,ford
1493,1989-rial-racing,rial,ford
1494,1989-scuderia-ferrari-spa-sefac,ferrari,ferrari
1495,1989-tyrrell-racing-organisation,tyrrell,ford
1496,1989-west-zakspeed-racing,zakspeed,yamaha
1497,1990-automobiles-gonfaronnaises-sportives,ags,ford
1498,1990-benetton-formula-ltd,benetton,ford
1499,1990-bms-scuderia-italia,dallara,ford
1500,1990-camel-team-lotus,lotus,lamborghini
1501,1990-canon-williams-team,williams,renault
1502,1990-coloni-racing,coloni,ford
1503,1990-espo-larrousse-f1,lola,lamborghini
1504,1990-eurobrun-racing,eurobrun,judd
1505,1990-footwork-arrows-racing,arrows,ford
1506,1990-honda-marlboro-mclaren,mclaren,honda
1507,1990-leyton-house-racing,leyton-house,judd
1508,1990-life-racing-engines,life,life
1509,1990-life-racing-engines,life,judd
1510,1990-ligier-gitanes,ligier,ford
1511,1990-monteverdi-onyx-formula-one,onyx,ford
1512,1990-motor-racing-developments,brabham,judd
1513,1990-osella-squadra-corse,osella,ford
1514,1990-scm-minardi-team,minardi,ford
1515,1990-scuderia-ferrari,ferrari,ferrari
1516,1990-subaru-coloni-racing,coloni,subaru
1517,1990-tyrrell-racing-organisation,tyrrell,ford
1518,1991-automobiles-gonfaronnaises-sportives,ags,ford
1519,1991-braun-tyrrell-honda,tyrrell,honda
1520,1991-camel-benetton-ford,benetton,ford
1521,1991-canon-williams-team,williams,renault
1522,1991-coloni-racing,coloni,ford
1523,1991-fondmetal,fondmetal,ford
1524,1991-footwork-grand-prix-international,footwork,porsche
1525,1991-footwork-grand-prix-international,footwork,ford
1526,1991-honda-marlboro-mclaren,mclaren,honda
1527,1991-larrousse-f1,lola,ford
1528,1991-leyton-house-racing,leyton-house,ilmor
1529,1991-ligier-gitanes,ligier,lamborghini
1530,1991-minardi-team,minardi,ferrari
1531,1991-modena-team,modena,lamborghini
1532,1991-motor-racing-developments,brabham,yamaha
1533,1991-scuderia-ferrari,ferrari,ferrari
1534,1991-scuderia-italia,dallara,judd
1535,1991-team-7up-jordan,jordan,ford
1536,1991-team-lotus,lotus,judd
1537,1992-andrea-moda-formula,andrea-moda,judd
1538,1992-camel-benetton-ford,benetton,ford
1539,1992-canon-williams-team,williams,renault
1540,1992-central-park-venturi-larrousse,venturi,lamborghini
1541,1992-fondmetal,fondmetal,ford
1542,1992-footwork-mugen-honda,footwork,mugen-honda
1543,1992-honda-marlboro-mclaren,mclaren,honda
1544,1992-ligier-gitanes-blondes,ligier,renault
1545,1992-march-f1,march,ilmor
1546,1992-minardi-team,minardi,lamborghini
1547,1992-motor-racing-developments,brabham,judd
1548,1992-sasol-jordan-yamaha,jordan,yamaha
1549,1992-scuderia-ferrari,ferrari,ferrari
1550,1992-scuderia-italia,dallara,ferrari
1551,1992-team-lotus,lotus,ford
1552,1992-tyrrell-racing-organisation,tyrrell,ilmor
1553,1993-camel-benetton-ford,benetton,ford
1554,1993-canon-williams,williams,renault
1555,1993-footwork-mugen-honda,footwork,mugen-honda
1556,1993-larrousse-f1,larrousse,lamborghini
1557,1993-ligier-gitanes-blondes,ligier,renault
1558,1993-lola-bms-scuderia-italia,lola,ferrari
1559,1993-march-f1,march,ilmor
1560,1993-marlboro-mclaren,mclaren,ford
1561,1993-minardi-team,minardi,ford
1562,1993-sasol-jordan,jordan,hart
1563,1993-sauber,sauber,sauber
1564,1993-scuderia-ferrari,ferrari,ferrari
1565,1993-team-lotus,lotus,ford
1566,1993-tyrrell-racing-organisation,tyrrell,yamaha
1567,1994-broker-sauber-mercedes,sauber,mercedes
1568,1994-footwork-ford,footwork,ford
1569,1994-ligier-gitanes-blondes,ligier,renault
1570,1994-marlboro-mclaren-peugeot,mclaren,peugeot
1571,1994-mild-seven-benetton-ford,benetton,ford
1572,1994-minardi-scuderia-italia,minardi,ford
1573,1994-mtv-simtek-ford,simtek,ford
1574,1994-pacific-grand-prix,pacific,ilmor
1575,1994-rothmans-williams-renault,williams,renault
1576,1994-sasol-jordan,jordan,hart
1577,1994-scuderia-ferrari,ferrari,ferrari
1578,1994-team-lotus,lotus,mugen-honda
1579,1994-tourtel-larrousse-f1,larrousse,ford
1580,1994-tyrrell-racing-organisation,tyrrell,yamaha
1581,1995-footwork-hart,footwork,hart
1582,1995-junior-larrousse-f1,larrousse,ford
1583,1995-ligier-gitanes-blondes,ligier,mugen-honda
1584,1995-marlboro-mclaren-mercedes,mclaren,mercedes
1585,1995-mild-seven-benetton-renault,benetton,renault
1586,1995-minardi-scuderia-italia,minardi,ford
1587,1995-mtv-simtek-ford,simtek,ford
1588,1995-nokia-tyrrell-yamaha,tyrrell,yamaha
1589,1995-pacific-team-lotus,pacific,ford
1590,1995-parmalat-forti-ford,forti,ford
1591,1995-red-bull-sauber-ford,sauber,ford
1592,1995-rothmans-williams-renault,williams,renault
1593,1995-scuderia-ferrari,ferrari,ferrari
1594,1995-total-jordan-peugeot,jordan,peugeot
1595,1996-benson-hedges-total-jordan-peugeot,jordan,peugeot
1596,1996-footwork-hart,footwork,hart
1597,1996-forti-grand-prix,forti,ford
1598,1996-ligier-gauloises-blondes,ligier,mugen-honda
1599,1996-marlboro-mclaren-mercedes,mclaren,mercedes
1600,1996-mild-seven-benetton-renault,benetton,renault
1601,1996-minardi-team,minardi,ford
1602,1996-red-bull-sauber-ford,sauber,ford
1603,1996-rothmans-williams-renault,williams,renault
1604,1996-scuderia-ferrari,ferrari,ferrari
1605,1996-tyrrell-yamaha,tyrrell,yamaha
1606,1997-benson-hedges-jordan-peugeot,jordan,peugeot
1607,1997-danka-arrows-yamaha,arrows,yamaha
1608,1997-hsbc-malaysia-stewart-ford,stewart,ford
1609,1997-mastercard-lola-f1-team,lola,ford
1610,1997-mild-seven-benetton-renault,benetton,renault
1611,1997-minardi-team,minardi,hart
1612,1997-piaa-tyrrell-ford,tyrrell,ford
1613,1997-prost-gauloises-blondes,prost,mugen-honda
1614,1997-red-bull-sauber-petronas,sauber,petronas
1615,1997-rothmans-williams-renault,williams,renault
1616,1997-scuderia-ferrari-marlboro,ferrari,ferrari
1617,1997-west-mclaren-mercedes,mclaren,mercedes
1618,1998-benson-hedges-jordan,jordan,mugen-honda
1619,1998-danka-zepter-arrows,arrows,arrows
1620,1998-fondmetal-minardi-team,minardi,ford
1621,1998-gauloises-prost-peugeot,prost,peugeot
1622,1998-hsbc-stewart-ford,stewart,ford
1623,1998-mild-seven-benetton-playlife,benetton,playlife
1624,1998-piaa-tyrrell,tyrrell,ford
1625,1998-red-bull-sauber-petronas,sauber,petronas
1626,1998-scuderia-ferrari-marlboro,ferrari,ferrari
1627,1998-west-mclaren-mercedes,mclaren,mercedes
1628,1998-winfield-williams,williams,mecachrome
1629,1999-benson-hedges-jordan,jordan,mugen-honda
1630,1999-british-american-racing,bar,supertec
1631,1999-fondmetal-minardi-team,minardi,ford
1632,1999-gauloises-prost-peugeot,prost,peugeot
1633,1999-hsbc-stewart-ford,stewart,ford
1634,1999-mild-seven-benetton-playlife,benetton,playlife
1635,1999-red-bull-sauber-petronas,sauber,petronas
1636,1999-repsol-arrows,arrows,arrows
1637,1999-scuderia-ferrari-marlboro,ferrari,ferrari
1638,1999-west-mclaren-mercedes,mclaren,mercedes
1639,1999-winfield-williams,williams,supertec
1640,2000-arrows-f1-team,arrows,supertec
1641,2000-benson-hedges-jordan,jordan,mugen-honda
1642,2000-bmw-williamsf1-team,williams,bmw
1643,2000-gauloises-prost-peugeot,prost,peugeot
1644,2000-jaguar-racing-f1-team,jaguar,cosworth
1645,2000-lucky-strike-reynard-bar-honda,bar,honda
1646,2000-mild-seven-benetton-playlife,benetton,playlife
1647,2000-red-bull-sauber-petronas,sauber,petronas
1648,2000-scuderia-ferrari-marlboro,ferrari,ferrari
1649,2000-telefonica-minardi-fondmetal,minardi,fondmetal
1650,2000-west-mclaren-mercedes,mclaren,mercedes
1651,2001-benson-hedges-jordan-honda,jordan,honda
1652,2001-bmw-williamsf1-team,williams,bmw
1653,2001-european-minardi-f1,minardi,european
1654,2001-jaguar-racing-f1-team,jaguar,cosworth
1655,2001-lucky-strike-bar-honda,bar,honda
1656,2001-mild-seven-benetton-renault,benetton,renault
1657,2001-orange-arrows-asiatech,arrows,asiatech
1658,2001-prost-grand-prix,prost,acer
1659,2001-red-bull-sauber-petronas,sauber,petronas
1660,2001-scuderia-ferrari-marlboro,ferrari,ferrari
1661,2001-west-mclaren-mercedes,mclaren,mercedes
1662,2002-bmw-williamsf1-team,williams,bmw
1663,2002-dhl-jordan-honda,jordan,honda
1664,2002-jaguar-racing-f1-team,jaguar,cosworth
1665,2002-kl-minardi-asiatech,minardi,asiatech
1666,2002-lucky-strike-bar-honda,bar,honda
1667,2002-mild-seven-renault-f1-team,renault,renault
1668,2002-orange-arrows,arrows,cosworth
1669,2002-panasonic-toyota-racing,toyota,toyota
1670,2002-sauber-petronas,sauber,petronas
1671,2002-scuderia-ferrari-marlboro,ferrari,ferrari
1672,2002-west-mclaren-mercedes,mclaren,mercedes
1673,2003-benson-hedges-jordan-ford,jordan,ford
1674,2003-bmw-williamsf1-team,williams,bmw
1675,2003-jaguar-racing-f1-team,jaguar,cosworth
1676,2003-lucky-strike-bar-honda,bar,honda
1677,2003-mild-seven-renault-f1-team,renault,renault
1678,2003-panasonic-toyota-racing,toyota,toyota
1679,2003-sauber-petronas,sauber,petronas
1680,2003-scuderia-ferrari-marlboro,ferrari,ferrari
1681,2003-trust-minardi-cosworth,minardi,cosworth
1682,2003-west-mclaren-mercedes,mclaren,mercedes
1683,2004-bmw-williamsf1-team,williams,bmw
1684,2004-jaguar-racing-f1-team,jaguar,cosworth
1685,2004-jordan-ford,jordan,ford
1686,2004-lucky-strike-bar-honda,bar,honda
1687,2004-mild-seven-renault-f1-team,renault,renault
1688,2004-minardi-cosworth,minardi,cosworth
1689,2004-panasonic-toyota-racing,toyota,toyota
1690,2004-sauber-petronas,sauber,petronas
1691,2004-scuderia-ferrari-marlboro,ferrari,ferrari
1692,2004-west-mclaren-mercedes,mclaren,mercedes
1693,2005-bmw-williamsf1-team,williams,bmw
1694,2005-jordan-grand-prix,jordan,toyota
1695,2005-lucky-strike-bar-honda,bar,honda
1696,2005-mild-seven-renault-f1-team,renault,renault
1697,2005-minardi-f1-team,minardi,cosworth
1698,2005-panasonic-toyota-racing,toyota,toyota
1699,2005-red-bull-racing,red-bull,cosworth
1700,2005-sauber-petronas,sauber,petronas
1701,2005-scuderia-ferrari-marlboro,ferrari,ferrari
1702,2005-team-mclaren-mercedes,mclaren,mercedes
1703,2006-bmw-sauber-f1-team,bmw-sauber,bmw
1704,2006-lucky-strike-honda-racing-f1-team,honda,honda
1705,2006-mf1-racing,midland,toyota
1706,2006-mild-seven-renault-f1-team,renault,renault
1707,2006-panasonic-toyota-racing,toyota,toyota
1708,2006-red-bull-racing,red-bull,ferrari
1709,2006-scuderia-ferrari-marlboro,ferrari,ferrari
1710,2006-scuderia-toro-rosso,toro-rosso,cosworth
1711,2006-super-aguri-f1-team,super-aguri,honda
1712,2006-team-mclaren-mercedes,mclaren,mercedes
1713,2006-williams-f1-team,williams,cosworth
1714,2007-att-williams,williams,toyota
1715,2007-bmw-sauber-f1-team,bmw-sauber,bmw
1716,2007-etihad-aldar-spyker-f1-team,spyker,ferrari
1717,2007-honda-racing-f1-team,honda,honda
1718,2007-ing-renault-f1-team,renault,renault
1719,2007-panasonic-toyota-racing,toyota,toyota
1720,2007-red-bull-racing,red-bull,renault
1721,2007-scuderia-ferrari-marlboro,ferrari,ferrari
1722,2007-scuderia-toro-rosso,toro-rosso,ferrari
1723,2007-super-aguri-f1-team,super-aguri,honda
1724,2007-vodafone-mclaren-mercedes,mclaren,mercedes
1725,2008-att-williams,williams,toyota
1726,2008-bmw-sauber-f1-team,bmw-sauber,bmw
1727,2008-force-india-f1-team,force-india,ferrari
1728,2008-honda-racing-f1-team,honda,honda
1729,2008-ing-renault-f1-team,renault,renault
1730,2008-panasonic-toyota-racing,toyota,toyota
1731,2008-red-bull-racing,red-bull,renault
1732,2008-scuderia-ferrari-marlboro,ferrari,ferrari
1733,2008-scuderia-toro-rosso,toro-rosso,ferrari
1734,2008-super-aguri-f1-team,super-aguri,honda
1735,2008-vodafone-mclaren-mercedes,mclaren,mercedes
1736,2009-att-williams,williams,toyota
1737,2009-bmw-sauber-f1-team,bmw-sauber,bmw
1738,2009-brawn-gp-formula-1-team,brawn,mercedes
1739,2009-force-india-f1-team,force-india,mercedes
1740,2009-panasonic-toyota-racing,toyota,toyota
1741,2009-red-bull-racing,red-bull,renault
1742,2009-renault-f1-team,renault,renault
1743,2009-scuderia-ferrari-marlboro,ferrari,ferrari
1744,2009-scuderia-toro-rosso,toro-rosso,ferrari
1745,2009-vodafone-mclaren-mercedes,mclaren,mercedes
1746,2010-att-williams,williams,cosworth
1747,2010-bmw-sauber-f1-team,sauber,ferrari
1748,2010-force-india-f1-team,force-india,mercedes
1749,2010-hispania-racing-f1-team,hrt,cosworth
1750,2010-lotus-racing,lotus-racing,cosworth
1751,2010-mercedes-gp-petronas-f1-team,mercedes,mercedes
1752,2010-red-bull-racing,red-bull,renault
1753,2010-renault-f1-team,renault,renault
1754,2010-scuderia-ferrari-marlboro,ferrari,ferrari
1755,2010-scuderia-toro-rosso,toro-rosso,ferrari
1756,2010-virgin-racing,virgin,cosworth
1757,2010-vodafone-mclaren-mercedes,mclaren,mercedes
1758,2011-att-williams,williams,cosworth
1759,2011-force-india-f1-team,force-india,mercedes
1760,2011-hrt-formula-1-team,hrt,cosworth
1761,2011-lotus-renault-gp,renault,renault
1762,2011-marussia-virgin-racing,virgin,cosworth
1763,2011-mercedes-gp-petronas-f1-team,mercedes,mercedes
1764,2011-red-bull-racing,red-bull,renault
1765,2011-sauber-f1-team,sauber,ferrari
1766,2011-scuderia-ferrari,ferrari,ferrari
1767,2011-scuderia-toro-rosso,toro-rosso,ferrari
1768,2011-team-lotus,lotus-racing,renault
1769,2011-vodafone-mclaren-mercedes,mclaren,mercedes
1770,2012-caterham-f1-team,caterham,renault
1771,2012-hrt-formula-1-team,hrt,cosworth
1772,2012-lotus-f1-team,lotus-f1,renault
1773,2012-marussia-f1-team,marussia,cosworth
1774,2012-mercedes-amg-petronas-f1-team,mercedes,mercedes
1775,2012-red-bull-racing,red-bull,renault
1776,2012-sahara-force-india-f1-team,force-india,mercedes
1777,2012-sauber-f1-team,sauber,ferrari
1778,2012-scuderia-ferrari,ferrari,ferrari
1779,2012-scuderia-toro-rosso,toro-rosso,ferrari
1780,2012-vodafone-mclaren-mercedes,mclaren,mercedes
1781,2012-williams-f1-team,williams,renault
1782,2013-caterham-f1-team,caterham,renault
1783,2013-infiniti-red-bull-racing,red-bull,renault
1784,2013-lotus-f1-team,lotus-f1,renault
1785,2013-marussia-f1-team,marussia,cosworth
1786,2013-mercedes-amg-petronas-f1-team,mercedes,mercedes
1787,2013-sahara-force-india-f1-team,force-india,mercedes
1788,2013-sauber-f1-team,sauber,ferrari
1789,2013-scuderia-ferrari,ferrari,ferrari
1790,2013-scuderia-toro-rosso,toro-rosso,ferrari
1791,2013-vodafone-mclaren-mercedes,mclaren,mercedes
1792,2013-williams-f1-team,williams,renault
1793,2014-caterham-f1-team,caterham,renault
1794,2014-infiniti-red-bull-racing,red-bull,renault
1795,2014-lotus-f1-team,lotus-f1,renault
1796,2014-marussia-f1-team,marussia,ferrari
1797,2014-mclaren-mercedes,mclaren,mercedes
1798,2014-mercedes-amg-petronas-f1-team,mercedes,mercedes
1799,2014-sahara-force-india-f1-team,force-india,mercedes
1800,2014-sauber-f1-team,sauber,ferrari
1801,2014-scuderia-ferrari,ferrari,ferrari
1802,2014-scuderia-toro-rosso,toro-rosso,renault
1803,2014-williams-martini-racing,williams,mercedes
1804,2015-infiniti-red-bull-racing,red-bull,renault
1805,2015-lotus-f1-team,lotus-f1,mercedes
1806,2015-manor-marussia-f1-team,marussia,ferrari
1807,2015-mclaren-honda,mclaren,honda
1808,2015-mercedes-amg-petronas-f1-team,mercedes,mercedes
1809,2015-sahara-force-india-f1-team,force-india,mercedes
1810,2015-sauber-f1-team,sauber,ferrari
1811,2015-scuderia-ferrari,ferrari,ferrari
1812,2015-scuderia-toro-rosso,toro-rosso,renault
1813,2015-williams-martini-racing,williams,mercedes
1814,2016-haas-f1-team,haas,ferrari
1815,2016-manor-racing-mrt,manor,mercedes
1816,2016-mclaren-honda-formula-1-team,mclaren,honda
1817,2016-mercedes-amg-petronas-formula-one-team,mercedes,mercedes
1818,2016-red-bull-racing,red-bull,tag-heuer
1819,2016-renault-sport-formula-one-team,renault,renault
1820,2016-sahara-force-india-formula-one-team,force-india,mercedes
1821,2016-sauber-f1-team,sauber,ferrari
1822,2016-scuderia-ferrari,ferrari,ferrari
1823,2016-scuderia-toro-rosso,toro-rosso,ferrari
1824,2016-williams-martini-racing,williams,mercedes
1825,2017-haas-f1-team,haas,ferrari
1826,2017-mclaren-honda,mclaren,honda
1827,2017-mercedes-amg-petronas-motorsport,mercedes,mercedes
1828,2017-red-bull-racing,red-bull,tag-heuer
1829,2017-renault-sport-formula-one-team,renault,renault
1830,2017-sahara-force-india-f1-team,force-india,mercedes
1831,2017-sauber-f1-team,sauber,ferrari
1832,2017-scuderia-ferrari,ferrari,ferrari
1833,2017-scuderia-toro-rosso,toro-rosso,toro-rosso
1834,2017-williams-martini-racing,williams,mercedes
1835,2018-alfa-romeo-sauber-f1-team,sauber,ferrari
1836,2018-aston-martin-red-bull-racing,red-bull,tag-heuer
1837,2018-haas-f1-team,haas,ferrari
1838,2018-mclaren-f1-team,mclaren,renault
1839,2018-mercedes-amg-petronas-motorsport,mercedes,mercedes
1840,2018-racing-point-force-india-f1-team,force-india,mercedes
1841,2018-red-bull-toro-rosso-honda,toro-rosso,honda
1842,2018-renault-sport-formula-one-team,renault,renault
1843,2018-sahara-force-india-f1-team,force-india,mercedes
1844,2018-scuderia-ferrari,ferrari,ferrari
1845,2018-williams-martini-racing,williams,mercedes
1846,2019-alfa-romeo-racing,alfa-romeo,ferrari
1847,2019-aston-martin-red-bull-racing,red-bull,honda
1848,2019-haas-f1-team,haas,ferrari
1849,2019-mclaren-f1-team,mclaren,renault
1850,2019-mercedes-amg-petronas-motorsport,mercedes,mercedes
1851,2019-red-bull-toro-rosso-honda,toro-rosso,honda
1852,2019-renault-f1-team,renault,renault
1853,2019-rokit-williams-racing,williams,mercedes
1854,2019-scuderia-ferrari-mission-winnow,ferrari,ferrari
1855,2019-sportpesa-racing-point-f1-team,racing-point,bwt-mercedes
1856,2020-alfa-romeo-racing-orlen,alfa-romeo,ferrari
1857,2020-aston-martin-red-bull-racing,red-bull,honda
1858,2020-bwt-racing-point-f1-team,racing-point,bwt-mercedes
1859,2020-haas-f1-team,haas,ferrari
1860,2020-mclaren-f1-team,mclaren,renault
1861,2020-mercedes-amg-petronas-f1-team,mercedes,mercedes
1862,2020-renault-dp-world-f1-team,renault,renault
1863,2020-scuderia-alphatauri-honda,alphatauri,honda
1864,2020-scuderia-ferrari,ferrari,ferrari
1865,2020-williams-racing,williams,mercedes
1866,2021-alfa-romeo-racing-orlen,alfa-romeo,ferrari
1867,2021-alpine-f1-team,alpine,renault
1868,2021-aston-martin-cognizant-f1-team,aston-martin,mercedes
1869,2021-mclaren-f1-team,mclaren,mercedes
1870,2021-mercedes-amg-petronas-f1-team,mercedes,mercedes
1871,2021-red-bull-racing-honda,red-bull,honda
1872,2021-scuderia-alphatauri-honda,alphatauri,honda
1873,2021-scuderia-ferrari-mission-winnow,ferrari,ferrari
1874,2021-uralkali-haas-f1-team,haas,ferrari
1875,2021-williams-racing,williams,mercedes
1876,2022-alfa-romeo-f1-team-orlen,alfa-romeo,ferrari
1877,2022-aston-martin-aramco-cognizant-f1-team,aston-martin,mercedes
1878,2022-bwt-alpine-f1-team,alpine,renault
1879,2022-haas-f1-team,haas,ferrari
1880,2022-mclaren-f1-team,mclaren,mercedes
1881,2022-mercedes-amg-petronas-f1-team,mercedes,mercedes
1882,2022-oracle-red-bull-racing,red-bull,red-bull-powertrains
1883,2022-scuderia-alphatauri,alphatauri,red-bull-powertrains
1884,2022-scuderia-ferrari,ferrari,ferrari
1885,2022-williams-racing,williams,mercedes
