id,season,name,countryId
1950-alfa-romeo-spa,1950,Alfa Romeo SpA,IT
1950-andy-granatelli,1950,Andy Granatelli,US
1950-antonio-branca,1950,Antonio Branca,CH
1950-automobiles-talbot-darracq,1950,Automobiles Talbot-Darracq,FR
1950-bardahl,1950,Bardahl,US
1950-blue-crown-spark-plug,1950,Blue Crown Spark Plug,US
1950-bob-gerard,1950,Bob Gerard,GB
1950-charles-pozzi,1950,Charles Pozzi,FR
1950-city-of-glendale,1950,City of Glendale,US
1950-clemente-biondetti,1950,Clemente Biondetti,IT
1950-cummins-diesel,1950,Cummins Diesel,US
1950-cuth-harrison,1950,Cuth Harrison,GB
1950-ecurie-belge,1950,Ecurie Belge,BE
1950-ecurie-bleue,1950,Ecurie Bleue,US
1950-ecurie-lutetia,1950,Ecurie Lutetia,FR
1950-ecurie-rosier,1950,Ecurie Rosier,FR
1950-enrico-plate,1950,Enrico Platé,CH
1950-equipe-gordini,1950,Equipe Gordini,FR
1950-erwin-wolfe,1950,Erwin Wolfe,US
1950-eugene-casaroll,1950,Eugene Casaroll,US
1950-fadely-anderson,1950,Fadely-Anderson,US
1950-geoffrey-crossley,1950,Geoffrey Crossley,GB
1950-george-bignotti,1950,George Bignotti,US
1950-george-tuffanelli,1950,George Tuffanelli,US
1950-guy-mairesse,1950,Guy Mairesse,FR
1950-horschell-racing-corporation,1950,Horschell Racing Corporation,US
1950-howard-keck,1950,Howard Keck,US
1950-indianapolis-race-cars,1950,Indianapolis Race Cars,US
1950-jack-hinkle,1950,Jack Hinkle,US
1950-jc-agajanian,1950,J.C. Agajanian,US
1950-joe-fry,1950,Joe Fry,GB
1950-joe-kelly,1950,Joe Kelly,IE
1950-kurtis-kraft-inc,1950,Kurtis Kraft Inc.,US
1950-ludson-morris,1950,Ludson & Morris,US
1950-m-pete-wales,1950,M. Pete Wales,US
1950-ma-walker,1950,M.A. Walker,US
1950-milt-marton,1950,Milt Marton,US
1950-murrell-belanger,1950,Murrell Belanger,US
1950-norm-olson,1950,Norm Olson,US
1950-officine-alfieri-maserati,1950,Officine Alfieri Maserati,IT
1950-pat-clancy,1950,Pat Clancy,US
1950-paul-pietsch,1950,Paul Pietsch,DE
1950-paul-russo-ray-nichels,1950,Paul Russo & Ray Nichels,US
1950-peter-walker,1950,Peter Walker,GB
1950-peter-whitehead,1950,Peter Whitehead,GB
1950-philippe-etancelin,1950,Philippe Étancelin,FR
1950-pierre-levegh,1950,Pierre Levegh,FR
1950-pioneer-auto-repair,1950,Pioneer Auto Repair,US
1950-raymond-sommer,1950,Raymond Sommer,FR
1950-richard-palmer,1950,Richard Palmer,US
1950-sampson-manufacturing,1950,Sampson Manufacturing,US
1950-scuderia-achille-varzi,1950,Scuderia Achille Varzi,AR
1950-scuderia-ambrosiana,1950,Scuderia Ambrosiana,IT
1950-scuderia-ferrari,1950,Scuderia Ferrari,IT
1950-scuderia-milano,1950,Scuderia Milano,IT
1950-taso-mathieson,1950,T.A.S.O. Mathieson,GB
1950-troy-oil,1950,Troy Oil,US
1950-verlin-brown,1950,Verlin Brown,US
1951-alfa-romeo-spa,1951,Alfa Romeo SpA,IT
1951-andy-granatelli,1951,Andy Granatelli,US
1951-antonio-branca,1951,Antonio Branca,CH
1951-bardahl,1951,Bardahl,US
1951-blakely,1951,Blakely,US
1951-blue-crown-spark-plug,1951,Blue Crown Spark Plug,US
1951-bob-estes,1951,Bob Estes,US
1951-bob-gerard,1951,Bob Gerard,GB
1951-brian-shawe-taylor,1951,Brian Shawe-Taylor,GB
1951-brm-ltd,1951,BRM Ltd,GB
1951-central-excavating,1951,Central Excavating,US
1951-dan-levine,1951,Dan Levine,US
1951-deck-manufacturing,1951,Deck Manufacturing,US
1951-duncan-hamilton,1951,Duncan Hamilton,GB
1951-ecurie-belge,1951,Ecurie Belge,BE
1951-ecurie-belgique,1951,Ecurie Belgique,BE
1951-ecurie-espadon,1951,Ecurie Espadon,CH
1951-ecurie-rosier,1951,Ecurie Rosier,FR
1951-ed-walsh,1951,Ed Walsh,US
1951-enrico-plate,1951,Enrico Platé,CH
1951-equipe-gordini,1951,Equipe Gordini,FR
1951-eugene-casaroll,1951,Eugene Casaroll,US
1951-eugene-chaboud,1951,Eugène Chaboud,FR
1951-francisco-landi,1951,Francisco Landi,BR
1951-ga-vandervell,1951,G.A. Vandervell,GB
1951-george-leitenberger,1951,George Leitenberger,US
1951-georges-grignard,1951,Georges Grignard,FR
1951-graham-whitehead,1951,Graham Whitehead,GB
1951-grant-piston-ring,1951,Grant Piston Ring,US
1951-ha-chapman,1951,H.A. Chapman,US
1951-howard-keck,1951,Howard Keck,US
1951-hw-motors,1951,HW Motors,GB
1951-jack-hinkle,1951,Jack Hinkle,US
1951-jc-agajanian,1951,J.C. Agajanian,US
1951-jim-robbins,1951,Jim Robbins,US
1951-joe-kelly,1951,Joe Kelly,IE
1951-john-james,1951,John James,GB
1951-jose-froilan-gonzalez,1951,José Froilán González,AR
1951-karl-hall,1951,Karl Hall,US
1951-lee-elkins,1951,Lee Elkins,US
1951-lewis-welch,1951,Lewis Welch,US
1951-ludson-morris,1951,Ludson & Morris,US
1951-ma-walker,1951,M.A. Walker,US
1951-murrell-belanger,1951,Murrell Belanger,US
1951-osca-automobili,1951,OSCA Automobili,IT
1951-parks-offenhauser,1951,Parks Offenhauser,US
1951-peter-hirt,1951,Peter Hirt,CH
1951-peter-schmidt,1951,Peter Schmidt,US
1951-peter-whitehead,1951,Peter Whitehead,GB
1951-philip-fotheringham-parker,1951,Philip Fotheringham-Parker,GB
1951-philippe-etancelin,1951,Philippe Étancelin,FR
1951-pierre-levegh,1951,Pierre Levegh,FR
1951-prince-bira,1951,Prince Bira,TH
1951-scuderia-ambrosiana,1951,Scuderia Ambrosiana,IT
1951-scuderia-ferrari,1951,Scuderia Ferrari,IT
1951-scuderia-milano,1951,Scuderia Milano,IT
1951-tuffanelli-derrico,1951,Tuffanelli-Derrico,US
1951-verlin-brown,1951,Verlin Brown,US
1951-w-j,1951,W. + J.,US
1951-william-ansted,1951,William Ansted,US
1951-yves-giraud-cabantous,1951,Yves Giraud-Cabantous,FR
1952-adolf-brudes,1952,Adolf Brudes,DE
1952-afm,1952,AFM,DE
1952-ahm-bryde,1952,AHM Bryde,GB
1952-alfred-dattner,1952,Alfred Dattner,CH
1952-andy-granatelli,1952,Andy Granatelli,US
1952-arthur-legat,1952,Arthur Legat,BE
1952-belanger-motors,1952,Belanger Motors,US
1952-bernhard-nacke,1952,Bernhard Nacke,DE
1952-bessie-lee-paoli,1952,Bessie Lee Paoli,US
1952-blue-crown-spark-plug,1952,Blue Crown Spark Plug,US
1952-bob-estes,1952,Bob Estes,US
1952-central-excavating,1952,Central Excavating,US
1952-coast-grain,1952,Coast Grain,US
1952-connaught-engineering,1952,Connaught Engineering,GB
1952-cummins-diesel,1952,Cummins Diesel,US
1952-ecurie-belge,1952,Ecurie Belge,BE
1952-ecurie-ecosse,1952,Ecurie Ecosse,GB
1952-ecurie-espadon,1952,Ecurie Espadon,CH
1952-ecurie-francorchamps,1952,Ecurie Francorchamps,BE
1952-ecurie-richmond,1952,Ecurie Richmond,GB
1952-ecurie-rosier,1952,Ecurie Rosier,FR
1952-ed-walsh,1952,Ed Walsh,US
1952-elie-bayol,1952,Élie Bayol,FR
1952-english-racing-automobiles-ltd,1952,English Racing Automobiles Ltd,GB
1952-enrico-plate,1952,Enrico Platé,CH
1952-equipe-gordini,1952,Equipe Gordini,FR
1952-ernst-klodwig,1952,Ernst Klodwig,DE
1952-escuderia-bandeirantes,1952,Escuderia Bandeirantes,BR
1952-federal-auto-associates,1952,Federal Auto Associates,US
1952-fritz-riess,1952,Fritz Riess,DE
1952-g-caprara,1952,G. Caprara,IT
1952-george-leitenberger,1952,George Leitenberger,US
1952-ha-chapman,1952,H.A. Chapman,US
1952-hans-klenk,1952,Hans Klenk,DE
1952-hart-fullerton,1952,Hart Fullerton,US
1952-helmut-niedermayr,1952,Helmut Niedermayr,DE
1952-howard-keck,1952,Howard Keck,US
1952-hw-motors,1952,HW Motors,GB
1952-jack-hinkle,1952,Jack Hinkle,US
1952-jc-agajanian,1952,J.C. Agajanian,US
1952-jim-robbins,1952,Jim Robbins,US
1952-josef-peters,1952,Josef Peters,DE
1952-ken-downing,1952,Ken Downing,GB
1952-lee-elkins,1952,Lee Elkins,US
1952-leslie-d-hawthorn,1952,Leslie D. Hawthorn,GB
1952-lewis-welch,1952,Lewis Welch,US
1952-ludson-morris,1952,Ludson & Morris,US
1952-ludwig-fischer,1952,Ludwig Fischer,DE
1952-ma-walker,1952,M.A. Walker,US
1952-marcel-balsa,1952,Marcel Balsa,FR
1952-mel-wiggers,1952,Mel Wiggers,US
1952-motor-presse-verlag,1952,Motor Presse Verlag,DE
1952-officine-alfieri-maserati,1952,Officine Alfieri Maserati,IT
1952-peter-schmidt,1952,Peter Schmidt,US
1952-peter-whitehead,1952,Peter Whitehead,GB
1952-piero-dusio,1952,Piero Dusio,IT
1952-ray-t-brady,1952,Ray T. Brady,US
1952-robert-obrien,1952,Robert O'Brien,US
1952-robin-montgomerie-charrington,1952,Robin Montgomerie-Charrington,GB
1952-roger-wolcott,1952,Roger Wolcott,US
1952-rudolf-krause,1952,Rudolf Krause,DE
1952-scuderia-ferrari,1952,Scuderia Ferrari,IT
1952-scuderia-franera,1952,Scuderia Franera,GB
1952-scuderia-marzotto,1952,Scuderia Marzotto,IT
1952-theo-helfrich,1952,Theo Helfrich,DE
1952-tom-sarafoff,1952,Tom Sarafoff,US
1952-toni-ulmen,1952,Toni Ulmen,DE
1952-tony-crook,1952,Tony Crook,GB
1952-tony-gaze,1952,Tony Gaze,AU
1952-vicomtesse-de-walckiers,1952,Vicomtesse de Walckiers,BE
1952-willi-heeks,1952,Willi Heeks,DE
1952-willi-krakau,1952,Willi Krakau,DE
1952-william-ansted,1952,William Ansted,US
1952-ws-aston,1952,W.S. Aston,GB
1953-3-l-racing-team,1953,3-L Racing Team,US
1953-ae-dean,1953,A.E. Dean,US
1953-arthur-legat,1953,Arthur Legat,BE
1953-atlantic-stable,1953,Atlantic Stable,GB
1953-bessie-lee-paoli,1953,Bessie Lee Paoli,US
1953-bob-estes,1953,Bob Estes,US
1953-bob-gerard,1953,Bob Gerard,GB
1953-chapman-s-root,1953,Chapman S. Root,US
1953-connaught-engineering,1953,Connaught Engineering,GB
1953-cooper-car-company,1953,Cooper Car Company,GB
1953-dora-greifzu,1953,Dora Greifzu,DE
1953-dr-rn-sabourin,1953,Dr. R.N. Sabourin,US
1953-ecurie-belge,1953,Ecurie Belge,BE
1953-ecurie-ecosse,1953,Ecurie Ecosse,GB
1953-ecurie-espadon,1953,Ecurie Espadon,CH
1953-ecurie-francorchamps,1953,Ecurie Francorchamps,BE
1953-ecurie-rosier,1953,Ecurie Rosier,FR
1953-ed-walsh,1953,Ed Walsh,US
1953-elie-bayol,1953,Élie Bayol,FR
1953-emmanuel-de-graffenried,1953,Emmanuel de Graffenried,CH
1953-enrico-plate,1953,Enrico Platé,CH
1953-equipe-anglaise,1953,Equipe Anglaise,GB
1953-equipe-gordini,1953,Equipe Gordini,FR
1953-ernest-l-ruiz,1953,Ernest L. Ruiz,US
1953-ernst-klodwig,1953,Ernst Klodwig,DE
1953-ernst-loof,1953,Ernst Loof,DE
1953-erwin-bauer,1953,Erwin Bauer,DE
1953-escuderia-bandeirantes,1953,Escuderia Bandeirantes,BR
1953-eugene-casaroll,1953,Eugene Casaroll,US
1953-federal-auto-associates,1953,Federal Auto Associates,US
1953-franklin-merkler,1953,Franklin Merkler,US
1953-georges-berger,1953,Georges Berger,BE
1953-grancor-auto-specialists,1953,Grancor Auto Specialists,US
1953-gunther-bechem,1953,Günther Bechem,DE
1953-ha-chapman,1953,H.A. Chapman,US
1953-hans-herrmann,1953,Hans Herrmann,DE
1953-hans-stuck,1953,Hans Stuck,DE
1953-hart-fullerton,1953,Hart Fullerton,US
1953-helmut-niedermayr,1953,Helmut Niedermayr,DE
1953-howard-keck,1953,Howard Keck,US
1953-hw-motors,1953,HW Motors,GB
1953-jack-hinkle,1953,Jack Hinkle,US
1953-jc-agajanian,1953,J.C. Agajanian,US
1953-john-l-mcdaniel,1953,John L. McDaniel,US
1953-john-zink,1953,John Zink,US
1953-js-belond,1953,J.S. Belond,US
1953-ken-wharton,1953,Ken Wharton,GB
1953-lee-elkins,1953,Lee Elkins,US
1953-lewis-welch,1953,Lewis Welch,US
1953-louis-chiron,1953,Louis Chiron,MC
1953-ma-walker,1953,M.A. Walker,US
1953-murrell-belanger,1953,Murrell Belanger,US
1953-officine-alfieri-maserati,1953,Officine Alfieri Maserati,IT
1953-osca-automobili,1953,OSCA Automobili,IT
1953-oswald-karch,1953,Oswald Karch,DE
1953-otto-adoph-stoye,1953,Otto & Adoph Stoye,US
1953-pat-clancy,1953,Pat Clancy,US
1953-peter-schmidt,1953,Peter Schmidt,US
1953-ray-crawford,1953,Ray Crawford,US
1953-ray-t-brady,1953,Ray T. Brady,US
1953-rennkollektiv-emw,1953,Rennkollektiv EMW,DE
1953-rj-chase,1953,R.J. Chase,GB
1953-rodney-nuckey,1953,Rodney Nuckey,GB
1953-rotary-engineering-corp,1953,Rotary Engineering Corp,US
1953-rrc-walker-racing-team,1953,R.R.C. Walker Racing Team,GB
1953-scuderia-ferrari,1953,Scuderia Ferrari,IT
1953-scuderia-milano,1953,Scuderia Milano,IT
1953-storey-ricketts,1953,Storey & Ricketts,US
1953-theo-helfrich,1953,Theo Helfrich,DE
1953-tom-sarafoff,1953,Tom Sarafoff,US
1953-tony-crook,1953,Tony Crook,GB
1953-willi-heeks,1953,Willi Heeks,DE
1953-william-lutes,1953,William Lutes,US
1953-wolfgang-seidel,1953,Wolfgang Seidel,DE
1954-advance-muffler,1954,Advance Muffler,US
1954-andy-granatelli,1954,Andy Granatelli,US
1954-bessie-lee-paoli,1954,Bessie Lee Paoli,US
1954-bill-whitehouse,1954,Bill Whitehouse,GB
1954-bob-estes,1954,Bob Estes,US
1954-bob-gerard,1954,Bob Gerard,GB
1954-cars-inc,1954,Cars Inc.,US
1954-chapman-s-root,1954,Chapman S. Root,US
1954-daimler-benz-ag,1954,Daimler Benz AG,DE
1954-dean-van-lines-racing,1954,Dean Van Lines Racing,US
1954-dr-rn-sabourin,1954,Dr. R.N. Sabourin,US
1954-ecurie-ecosse,1954,Ecurie Ecosse,GB
1954-ecurie-francorchamps,1954,Ecurie Francorchamps,BE
1954-ecurie-richmond,1954,Ecurie Richmond,GB
1954-ecurie-rosier,1954,Ecurie Rosier,FR
1954-ed-stone,1954,Ed Stone,US
1954-ed-walsh,1954,Ed Walsh,US
1954-emmanuel-de-graffenried,1954,Emmanuel de Graffenried,CH
1954-emmett-malloy,1954,Emmett Malloy,US
1954-equipe-gordini,1954,Equipe Gordini,FR
1954-equipe-moss,1954,Equipe Moss,GB
1954-eugene-casaroll,1954,Eugene Casaroll,US
1954-federal-auto-associates,1954,Federal Auto Associates,US
1954-francis-bardazon,1954,Francis Bardazon,US
1954-georges-berger,1954,Georges Berger,BE
1954-gilby-engineering,1954,Gilby Engineering,GB
1954-giovanni-de-riu,1954,Giovanni de Riu,IT
1954-goulds-garage-bristol,1954,Gould's Garage Bristol,GB
1954-ha-chapman,1954,H.A. Chapman,US
1954-hans-klenk,1954,Hans Klenk,DE
1954-harry-dunn,1954,Harry Dunn,US
1954-harry-schell,1954,Harry Schell,US
1954-hart-fullerton,1954,Hart Fullerton,US
1954-howard-keck,1954,Howard Keck,US
1954-hw-motors,1954,HW Motors,GB
1954-jack-hinkle,1954,Jack Hinkle,US
1954-jc-agajanian,1954,J.C. Agajanian,US
1954-jim-robbins,1954,Jim Robbins,US
1954-john-zink,1954,John Zink,US
1954-jorge-daponte,1954,Jorge Daponte,AR
1954-lee-elkins,1954,Lee Elkins,US
1954-leslie-marr,1954,Leslie Marr,GB
1954-lindsey-hopkins,1954,Lindsey Hopkins,US
1954-mel-wiggers,1954,Mel Wiggers,US
1954-miklos-sperling,1954,Miklos Sperling,US
1954-murrell-belanger,1954,Murrell Belanger,US
1954-officine-alfieri-maserati,1954,Officine Alfieri Maserati,IT
1954-onofre-marimon,1954,Onofre Marimón,AR
1954-owen-racing-organisation,1954,Owen Racing Organisation,GB
1954-pat-clancy,1954,Pat Clancy,US
1954-peter-schmidt,1954,Peter Schmidt,US
1954-peter-whitehead,1954,Peter Whitehead,GB
1954-prince-bira,1954,Prince Bira,TH
1954-ray-crawford,1954,Ray Crawford,US
1954-ray-t-brady,1954,Ray T. Brady,US
1954-rj-chase,1954,R.J. Chase,GB
1954-roberto-mieres,1954,Roberto Mieres,AR
1954-rrc-walker-racing-team,1954,R.R.C. Walker Racing Team,GB
1954-sandy-belond,1954,Sandy Belond,US
1954-scuderia-ambrosiana,1954,Scuderia Ambrosiana,IT
1954-scuderia-ferrari,1954,Scuderia Ferrari,IT
1954-scuderia-lancia,1954,Scuderia Lancia,IT
1954-shouse-motors,1954,Shouse Motors,US
1954-sir-jeremy-boles,1954,Sir Jeremy Boles,GB
1954-vandervell-products,1954,Vandervell Products,GB
1954-verlin-brown,1954,Verlin Brown,US
1954-w-thayer-martin,1954,W. Thayer Martin,US
1954-william-ansted,1954,William Ansted,US
1955-ae-dean,1955,A.E. Dean,US
1955-alberto-uria,1955,Alberto Uria,UY
1955-bob-estes,1955,Bob Estes,US
1955-carl-l-anderson,1955,Carl L. Anderson,US
1955-cars-inc,1955,Cars Inc.,US
1955-chapman-s-root,1955,Chapman S. Root,US
1955-connaught-engineering,1955,Connaught Engineering,GB
1955-cooper-car-company,1955,Cooper Car Company,GB
1955-daimler-benz-ag,1955,Daimler Benz AG,DE
1955-dr-rn-sabourin,1955,Dr. R.N. Sabourin,US
1955-ecurie-rosier,1955,Ecurie Rosier,FR
1955-emmett-malloy,1955,Emmett Malloy,US
1955-en-whiteaway,1955,E.N. Whiteaway,GB
1955-equipe-gordini,1955,Equipe Gordini,FR
1955-equipe-nationale-belge,1955,Equipe Nationale Belge,BE
1955-er-casale,1955,E.R. Casale,US
1955-federal-auto-associates,1955,Federal Auto Associates,US
1955-gilby-engineering,1955,Gilby Engineering,GB
1955-goulds-garage-bristol,1955,Gould's Garage Bristol,GB
1955-ha-chapman,1955,H.A. Chapman,US
1955-harry-dunn,1955,Harry Dunn,US
1955-jack-hinkle,1955,Jack Hinkle,US
1955-jc-agajanian,1955,J.C. Agajanian,US
1955-jim-robbins,1955,Jim Robbins,US
1955-john-l-mcdaniel,1955,John L. McDaniel,US
1955-john-zink,1955,John Zink,US
1955-joseph-massaglia-jr,1955,Joseph Massaglia Jr.,US
1955-kalamazoo-sports-inc,1955,Kalamazoo Sports Inc.,US
1955-leslie-marr,1955,Leslie Marr,GB
1955-lindsey-hopkins,1955,Lindsey Hopkins,US
1955-m-pete-wales,1955,M. Pete Wales,US
1955-merz-engineering-inc,1955,Merz Engineering Inc.,US
1955-murrell-belanger,1955,Murrell Belanger,US
1955-officine-alfieri-maserati,1955,Officine Alfieri Maserati,IT
1955-owen-racing-organisation,1955,Owen Racing Organisation,GB
1955-pat-clancy,1955,Pat Clancy,US
1955-pete-salemi,1955,Pete Salemi,US
1955-peter-schmidt,1955,Peter Schmidt,US
1955-racing-associates,1955,Racing Associates,US
1955-ray-crawford,1955,Ray Crawford,US
1955-rotary-engineering-corp,1955,Rotary Engineering Corp,US
1955-rrc-walker-racing-team,1955,R.R.C. Walker Racing Team,GB
1955-samuel-w-traylor-iii,1955,Samuel W. Traylor III,US
1955-scuderia-ferrari,1955,Scuderia Ferrari,IT
1955-scuderia-lancia,1955,Scuderia Lancia,IT
1955-scuderia-volpini,1955,Scuderia Volpini,IT
1955-south-california-muffler-co,1955,South California Muffler Co,US
1955-stirling-moss-ltd,1955,Stirling Moss Ltd,GB
1955-tw-wt-martin,1955,TW & WT Martin,US
1955-vandervell-products,1955,Vandervell Products,GB
1956-alberto-uria,1956,Alberto Uria,UY
1956-andre-simon,1956,André Simon,FR
1956-ansted-rotary-corp,1956,Ansted Rotary Corp,US
1956-automobiles-bugatti,1956,Automobiles Bugatti,FR
1956-bob-estes,1956,Bob Estes,US
1956-bob-gerard,1956,Bob Gerard,GB
1956-bruce-halford,1956,Bruce Halford,GB
1956-carl-l-anderson,1956,Carl L. Anderson,US
1956-cars-inc,1956,Cars Inc.,US
1956-chapman-s-root,1956,Chapman S. Root,US
1956-connaught-engineering,1956,Connaught Engineering,GB
1956-dean-van-lines,1956,Dean Van Lines,US
1956-dunn-engineering,1956,Dunn Engineering,US
1956-ecurie-rosier,1956,Ecurie Rosier,FR
1956-ed-walsh,1956,Ed Walsh,US
1956-emeryson-cars,1956,Emeryson Cars,GB
1956-equipe-gordini,1956,Equipe Gordini,FR
1956-er-casale,1956,E.R. Casale,US
1956-ernest-l-ruiz,1956,Ernest L. Ruiz,US
1956-federal-auto-associates,1956,Federal Auto Associates,US
1956-fred-somers,1956,Fred Somers,US
1956-george-bignotti,1956,George Bignotti,US
1956-gilby-engineering,1956,Gilby Engineering,GB
1956-giorgio-scarlatti,1956,Giorgio Scarlatti,IT
1956-goulds-garage-bristol,1956,Gould's Garage Bristol,GB
1956-ha-chapman,1956,H.A. Chapman,US
1956-harry-dunn,1956,Harry Dunn,US
1956-hh-johnson,1956,H.H. Johnson,US
1956-jack-brabham,1956,Jack Brabham,AU
1956-jc-agajanian,1956,J.C. Agajanian,US
1956-jim-robbins,1956,Jim Robbins,US
1956-john-zink,1956,John Zink,US
1956-joseph-massaglia-jr,1956,Joseph Massaglia Jr.,US
1956-kalamazoo-sports-inc,1956,Kalamazoo Sports Inc.,US
1956-lindsey-hopkins,1956,Lindsey Hopkins,US
1956-luigi-piotti,1956,Luigi Piotti,IT
1956-murrell-belanger,1956,Murrell Belanger,US
1956-novi-racing-corp,1956,Novi Racing Corp.,US
1956-officine-alfieri-maserati,1956,Officine Alfieri Maserati,IT
1956-ottorino-volonterio,1956,Ottorino Volonterio,CH
1956-owen-racing-organisation,1956,Owen Racing Organisation,GB
1956-pat-clancy,1956,Pat Clancy,US
1956-pete-salemi,1956,Pete Salemi,US
1956-peter-schmidt,1956,Peter Schmidt,US
1956-piero-scotti,1956,Piero Scotti,IT
1956-racing-associates,1956,Racing Associates,US
1956-ray-crawford,1956,Ray Crawford,US
1956-samuel-w-traylor-iii,1956,Samuel W. Traylor III,US
1956-scuderia-centro-sud,1956,Scuderia Centro Sud,IT
1956-scuderia-ferrari,1956,Scuderia Ferrari,IT
1956-scuderia-guastalla,1956,Scuderia Guastalla,IT
1956-shannon-bros,1956,Shannon Bros,US
1956-vandervell-products,1956,Vandervell Products,GB
1957-ae-dean,1957,A.E. Dean,US
1957-ansted-rotary-corp,1957,Ansted Rotary Corp,US
1957-bob-estes,1957,Bob Estes,US
1957-bob-gerard,1957,Bob Gerard,GB
1957-bruce-halford,1957,Bruce Halford,GB
1957-cars-inc,1957,Cars Inc.,US
1957-chapman-s-root,1957,Chapman S. Root,US
1957-connaught-engineering,1957,Connaught Engineering,GB
1957-cooper-car-company,1957,Cooper Car Company,GB
1957-dick-gibson,1957,Dick Gibson,GB
1957-dr-ing-f-porsche-kg,1957,Dr. Ing. F. Porsche KG,DE
1957-ecurie-maarsbergen,1957,Ecurie Maarsbergen,NL
1957-ernest-l-ruiz,1957,Ernest L. Ruiz,US
1957-francesco-godia-sales,1957,Francesco Godia Sales,ES
1957-fred-richard-sommer,1957,Fred & Richard Sommer,US
1957-fred-sclavi,1957,Fred Sclavi,US
1957-george-bignotti,1957,George Bignotti,US
1957-george-salih,1957,George Salih,US
1957-george-walther-jr,1957,George Walther Jr.,US
1957-gilby-engineering,1957,Gilby Engineering,GB
1957-ha-chapman,1957,H.A. Chapman,US
1957-harry-dunn,1957,Harry Dunn,US
1957-hh-gould,1957,H.H. Gould,GB
1957-hh-johnson,1957,H.H. Johnson,US
1957-jb-naylor,1957,J.B. Naylor,GB
1957-jo-bonnier,1957,Jo Bonnier,SE
1957-john-zink,1957,John Zink,US
1957-joseph-massaglia-jr,1957,Joseph Massaglia Jr.,US
1957-js-donaldson,1957,J.S. Donaldson,US
1957-kalamazoo-sports-inc,1957,Kalamazoo Sports Inc.,US
1957-lindsey-hopkins,1957,Lindsey Hopkins,US
1957-luigi-piotti,1957,Luigi Piotti,IT
1957-lysle-greenman,1957,Lysle Greenman,US
1957-novi-racing-corp,1957,Novi Racing Corp.,US
1957-officine-alfieri-maserati,1957,Officine Alfieri Maserati,IT
1957-ottorino-volonterio,1957,Ottorino Volonterio,CH
1957-owen-racing-organisation,1957,Owen Racing Organisation,GB
1957-pat-clancy,1957,Pat Clancy,US
1957-pete-salemi,1957,Pete Salemi,US
1957-peter-schmidt,1957,Peter Schmidt,US
1957-racing-associates,1957,Racing Associates,US
1957-ridgeway-management,1957,Ridgeway Management,GB
1957-roger-wolcott,1957,Roger Wolcott,US
1957-roy-mckay,1957,Roy McKay,US
1957-rrc-walker-racing-team,1957,R.R.C. Walker Racing Team,GB
1957-scuderia-centro-sud,1957,Scuderia Centro Sud,IT
1957-scuderia-ferrari,1957,Scuderia Ferrari,IT
1957-vandervell-products,1957,Vandervell Products,GB
1958-andre-guelfi,1958,André Guelfi,FR
1958-andre-testut,1958,André Testut,MC
1958-bernie-c-ecclestone,1958,Bernie C. Ecclestone,GB
1958-bob-estes,1958,Bob Estes,US
1958-bob-sorenson,1958,Bob Sorenson,US
1958-british-racing-partnership,1958,British Racing Partnership,GB
1958-cars-inc,1958,Cars Inc.,US
1958-chapman-s-root,1958,Chapman S. Root,US
1958-cooper-car-company,1958,Cooper Car Company,GB
1958-dean-van-lines,1958,Dean Van Lines,US
1958-dick-gibson,1958,Dick Gibson,GB
1958-dr-ing-f-porsche-kg,1958,Dr. Ing. F. Porsche KG,DE
1958-ecurie-demi-litre,1958,Ecurie Demi Litre,GB
1958-ecurie-eperon-dor,1958,Ecurie Eperon d'Or,BE
1958-ecurie-maarsbergen,1958,Ecurie Maarsbergen,NL
1958-ellen-mckinney-zink,1958,Ellen McKinney Zink,US
1958-federal-auto-associates,1958,Federal Auto Associates,US
1958-francesco-godia-sales,1958,Francesco Godia Sales,ES
1958-fred-gerhardt,1958,Fred Gerhardt,US
1958-george-salih,1958,George Salih,US
1958-george-walther-jr,1958,George Walther Jr.,US
1958-giorgio-scarlatti,1958,Giorgio Scarlatti,IT
1958-ha-chapman,1958,H.A. Chapman,US
1958-harry-dunn,1958,Harry Dunn,US
1958-henry-yunik,1958,Henry Yunik,US
1958-hh-gould,1958,H.H. Gould,GB
1958-hh-johnson,1958,H.H. Johnson,US
1958-high-efficiency-motors,1958,High Efficiency Motors,GB
1958-jb-naylor,1958,J.B. Naylor,GB
1958-jim-robbins,1958,Jim Robbins,US
1958-jo-bonnier,1958,Jo Bonnier,SE
1958-john-zink,1958,John Zink,US
1958-joseph-massaglia-jr,1958,Joseph Massaglia Jr.,US
1958-js-donaldson,1958,J.S. Donaldson,US
1958-juan-manuel-fangio,1958,Juan Manuel Fangio,AR
1958-kalamazoo-sports-inc,1958,Kalamazoo Sports Inc.,US
1958-ken-kavanagh,1958,Ken Kavanagh,AU
1958-lindsey-hopkins,1958,Lindsey Hopkins,US
1958-lysle-greenman,1958,Lysle Greenman,US
1958-maria-teresa-de-filippis,1958,Maria Teresa de Filippis,IT
1958-norman-c-demler,1958,Norman C. Demler,US
1958-novi-racing-corp,1958,Novi Racing Corp.,US
1958-osca-automobili,1958,OSCA Automobili,IT
1958-owen-racing-organisation,1958,Owen Racing Organisation,GB
1958-pat-clancy,1958,Pat Clancy,US
1958-peter-schmidt,1958,Peter Schmidt,US
1958-racing-associates,1958,Racing Associates,US
1958-robert-la-caze,1958,Robert La Caze,MA
1958-robert-m-bowes-ii,1958,Robert M. Bowes II,US
1958-roger-wolcott,1958,Roger Wolcott,US
1958-roy-mckay,1958,Roy McKay,US
1958-rrc-walker-racing-team,1958,R.R.C. Walker Racing Team,GB
1958-scuderia-centro-sud,1958,Scuderia Centro Sud,IT
1958-scuderia-ferrari,1958,Scuderia Ferrari,IT
1958-scuderia-sud-americana,1958,Scuderia Sud Americana,AR
1958-team-lotus,1958,Team Lotus,GB
1958-temple-buell,1958,Temple Buell,US
1958-tony-marsh,1958,Tony Marsh,GB
1958-vandervell-products,1958,Vandervell Products,GB
1959-ace-garage-rotherham,1959,Ace Garage Rotherham,GB
1959-ae-dean,1959,A.E. Dean,US
1959-alan-brown-equipe,1959,Alan Brown Equipe,GB
1959-bignotti-bowes-racing,1959,Bignotti-Bowes Racing,US
1959-blanchard-automobile-co,1959,Blanchard Automobile Co.,US
1959-bob-estes,1959,Bob Estes,US
1959-british-racing-partnership,1959,British Racing Partnership,GB
1959-camoradi-usa,1959,Camoradi USA,US
1959-chapman-s-root,1959,Chapman S. Root,US
1959-connaught-cars-paul-emery,1959,Connaught Cars-Paul Emery,GB
1959-cooper-car-company,1959,Cooper Car Company,GB
1959-david-brown-corporation,1959,David Brown Corporation,GB
1959-david-fry,1959,David Fry,GB
1959-dennis-taylor,1959,Dennis Taylor,GB
1959-dorchester-service-station,1959,Dorchester Service Station,GB
1959-dr-ing-f-porsche-kg,1959,Dr. Ing. F. Porsche KG,DE
1959-ecurie-bleue,1959,Ecurie Bleue,FR
1959-ecurie-maarsbergen,1959,Ecurie Maarsbergen,NL
1959-equipe-nationale-belge,1959,Equipe Nationale Belge,BE
1959-ernest-l-ruiz,1959,Ernest L. Ruiz,US
1959-federal-auto-associates,1959,Federal Auto Associates,US
1959-fred-gerhardt,1959,Fred Gerhardt,US
1959-george-salih,1959,George Salih,US
1959-george-walther-jr,1959,George Walther Jr.,US
1959-gilby-engineering,1959,Gilby Engineering,GB
1959-harry-dunn,1959,Harry Dunn,US
1959-hh-johnson,1959,H.H. Johnson,US
1959-high-efficiency-motors,1959,High Efficiency Motors,GB
1959-jb-naylor,1959,J.B. Naylor,GB
1959-jean-behra,1959,Jean Behra,DE
1959-jean-lucienbonnet,1959,Jean Lucienbonnet,FR
1959-jim-robbins,1959,Jim Robbins,US
1959-john-fisher,1959,John Fisher,GB
1959-john-r-wills,1959,John R. Wills,US
1959-john-zink,1959,John Zink,US
1959-js-donaldson,1959,J.S. Donaldson,US
1959-kalamazoo-sports-inc,1959,Kalamazoo Sports Inc.,US
1959-karl-hall,1959,Karl Hall,US
1959-leader-cards-inc,1959,Leader Cards Inc.,US
1959-leroy-e-foutch-jr,1959,LeRoy E. Foutch Jr.,US
1959-lindsey-hopkins,1959,Lindsey Hopkins,US
1959-lysle-greenman,1959,Lysle Greenman,US
1959-monte-carlo-auto-sport,1959,Monte Carlo Auto Sport,MC
1959-norman-c-demler,1959,Norman C. Demler,US
1959-osca-automobili,1959,OSCA Automobili,IT
1959-ottorino-volonterio,1959,Ottorino Volonterio,CH
1959-owen-racing-organisation,1959,Owen Racing Organisation,GB
1959-peter-schmidt,1959,Peter Schmidt,US
1959-phil-cade,1959,Phil Cade,US
1959-racing-associates,1959,Racing Associates,US
1959-ray-crawford,1959,Ray Crawford,US
1959-ray-t-brady,1959,Ray T. Brady,US
1959-rhh-parnell,1959,R.H.H. Parnell,GB
1959-roy-mckay,1959,Roy McKay,US
1959-rrc-walker-racing-team,1959,R.R.C. Walker Racing Team,GB
1959-rt-marley-sr,1959,R.T. Marley Sr.,US
1959-scuderia-centro-sud,1959,Scuderia Centro Sud,IT
1959-scuderia-ferrari,1959,Scuderia Ferrari,IT
1959-scuderia-ugolini,1959,Scuderia Ugolini,IT
1959-taylor-crawley-racing-team,1959,Taylor-Crawley Racing Team,GB
1959-team-lotus,1959,Team Lotus,GB
1959-united-racing-stable,1959,United Racing Stable,GB
1959-vandervell-products,1959,Vandervell Products,GB
1959-wolcott-memorial-racing-team,1959,Wolcott Memorial Racing Team,US
1959-yunick-glover-lathrop,1959,"Yunick, Glover & Lathrop",US
1960-ansted-rotary-corp,1960,Ansted Rotary Corp,US
1960-antonio-creus,1960,Antonio Creus,ES
1960-arthur-owen,1960,Arthur Owen,GB
1960-bignotti-bowes-racing,1960,Bignotti-Bowes Racing,US
1960-bob-estes,1960,Bob Estes,US
1960-co-prather,1960,C.O. Prather,US
1960-ct-atkins,1960,C.T. Atkins,GB
1960-camoradi-international,1960,Camoradi International,US
1960-chapman-s-root,1960,Chapman S. Root,US
1960-cooper-car-company,1960,Cooper Car Company,GB
1960-david-brown-corporation,1960,David Brown Corporation,GB
1960-dean-van-lines,1960,Dean Van Lines,US
1960-ecurie-bleue,1960,Ecurie Bleue,FR
1960-ecurie-maarsbergen,1960,Ecurie Maarsbergen,NL
1960-equipe-nationale-belge,1960,Equipe Nationale Belge,BE
1960-equipe-prideaux-dick-gibson,1960,Equipe Prideaux/Dick Gibson,GB
1960-ernest-l-ruiz,1960,Ernest L. Ruiz,US
1960-ettore-chimeri,1960,Ettore Chimeri,VE
1960-federal-auto-associates,1960,Federal Auto Associates,US
1960-fred-armbruster,1960,Fred Armbruster,US
1960-fred-tuck-cars,1960,Fred Tuck Cars,GB
1960-george-salih,1960,George Salih,US
1960-gilby-engineering,1960,Gilby Engineering,GB
1960-gino-munaron,1960,Gino Munaron,IT
1960-giorgio-scarlatti,1960,Giorgio Scarlatti,IT
1960-hh-gould,1960,H.H. Gould,GB
1960-high-efficiency-motors,1960,High Efficiency Motors,GB
1960-hoover-motor-express-inc,1960,Hoover Motor Express Inc.,US
1960-j-ensley-s-murphy,1960,J. Ensley & S. Murphy,US
1960-jb-naylor,1960,J.B. Naylor,GB
1960-jc-agajanian,1960,J.C. Agajanian,US
1960-jim-hall,1960,Jim Hall,US
1960-jim-robbins,1960,Jim Robbins,US
1960-joe-hunt,1960,Joe Hunt,US
1960-joe-lubin,1960,Joe Lubin,US
1960-john-zink,1960,John Zink,US
1960-js-donaldson,1960,J.S. Donaldson,US
1960-ken-paul-inc,1960,Ken-Paul Inc.,US
1960-leader-cards-inc,1960,Leader Cards Inc.,US
1960-leonard-a-faas,1960,Leonard A. Faas,US
1960-lindsey-hopkins,1960,Lindsey Hopkins,US
1960-nasif-estefano,1960,Nasif Estéfano,AR
1960-norman-c-demler,1960,Norman C. Demler,US
1960-norman-hall,1960,Norman Hall,US
1960-owen-racing-organisation,1960,Owen Racing Organisation,GB
1960-peter-salemi-nick-rini,1960,Peter Salemi & Nick Rini,US
1960-peter-schmidt,1960,Peter Schmidt,US
1960-dr-ing-f-porsche-kg,1960,Dr. Ing. F. Porsche KG,DE
1960-racing-associates,1960,Racing Associates,US
1960-reventlow-automobiles-inc,1960,Reventlow Automobiles Inc.,US
1960-robert-bodle-ltd,1960,Robert Bodle Ltd,GB
1960-roy-mckay,1960,Roy McKay,US
1960-rrc-walker-racing-team,1960,R.R.C. Walker Racing Team,GB
1960-scuderia-centro-sud,1960,Scuderia Centro Sud,IT
1960-scuderia-colonia,1960,Scuderia Colonia,DE
1960-scuderia-eugenio-castellotti,1960,Scuderia Eugenio Castellotti,IT
1960-scuderia-ferrari,1960,Scuderia Ferrari,IT
1960-taylor-crawley-racing-team,1960,Taylor-Crawley Racing Team,GB
1960-team-lotus,1960,Team Lotus,GB
1960-vandervell-products,1960,Vandervell Products,GB
1960-william-p-forbes,1960,William P. Forbes,US
1960-wolfgang-seidel,1960,Wolfgang Seidel,DE
1960-yeoman-credit-racing-team,1960,Yeoman Credit Racing Team,GB
1961-bernard-collomb,1961,Bernard Collomb,FR
1961-camoradi-international,1961,Camoradi International,US
1961-cooper-car-company,1961,Cooper Car Company,GB
1961-ecurie-maarsbergen,1961,Ecurie Maarsbergen,NL
1961-equipe-nationale-belge,1961,Equipe Nationale Belge,BE
1961-fisa,1961,FISA,IT
1961-fred-tuck-cars,1961,Fred Tuck Cars,GB
1961-gaetano-starrabba,1961,Gaetano Starrabba,IT
1961-gerry-ashmore,1961,Gerry Ashmore,GB
1961-gilby-engineering,1961,Gilby Engineering,GB
1961-hap-sharp,1961,Hap Sharp,US
1961-hl-motors,1961,H&L Motors,GB
1961-isobele-de-tomaso,1961,Isobele de Tomaso,IT
1961-j-frank-harrison,1961,J. Frank Harrison,US
1961-j-wheeler-autosport,1961,J. Wheeler Autosport,CA
1961-jb-naylor,1961,J.B. Naylor,GB
1961-jim-hall,1961,Jim Hall,US
1961-john-m-wyatt-iii,1961,John M. Wyatt III,US
1961-louise-bryden-brown,1961,Louise Bryden-Brown,US
1961-momo-corporation,1961,Momo Corporation,US
1961-owen-racing-organisation,1961,Owen Racing Organisation,GB
1961-pescara-racing-team,1961,Pescara Racing Team,IT
1961-porsche-system-engineering,1961,Porsche System Engineering,DE
1961-rrc-walker-racing-team,1961,R.R.C. Walker Racing Team,GB
1961-scuderia-centro-sud,1961,Scuderia Centro Sud,IT
1961-scuderia-colonia,1961,Scuderia Colonia,DE
1961-scuderia-ferrari-spa-sefac,1961,Scuderia Ferrari SpA SEFAC,IT
1961-scuderia-santambroeus,1961,Scuderia Sant'Ambroeus,IT
1961-scuderia-serenissima,1961,Scuderia Serenissima,IT
1961-scuderia-settecolli,1961,Scuderia Settecolli,IT
1961-team-lotus,1961,Team Lotus,GB
1961-tim-parnell,1961,Tim Parnell,GB
1961-tony-marsh,1961,Tony Marsh,GB
1961-udt-laystall-racing-team,1961,UDT Laystall Racing Team,GB
1961-yeoman-credit-racing-team,1961,Yeoman Credit Racing Team,GB
1962-anglo-american-equipe,1962,Anglo-American Equipe,GB
1962-autosport-team-wolfgang-seidel,1962,Autosport Team Wolfgang Seidel,DE
1962-bernard-collomb,1962,Bernard Collomb,FR
1962-bowmaker-yeoman-racing-team,1962,Bowmaker-Yeoman Racing Team,GB
1962-brabham-racing-organisation,1962,Brabham Racing Organisation,GB
1962-cooper-car-company,1962,Cooper Car Company,GB
1962-dupont-team-zerex,1962,Dupont Team Zerex,US
1962-ecurie-excelsior,1962,Ecurie Excelsior,US
1962-ecurie-filipinetti,1962,Ecurie Filipinetti,CH
1962-ecurie-galloise,1962,Ecurie Galloise,GB
1962-ecurie-maarsbergen,1962,Ecurie Maarsbergen,NL
1962-ecurie-nationale-suisse,1962,Ecurie Nationale Suisse,CH
1962-emeryson-cars,1962,Emeryson Cars,GB
1962-equipe-nationale-belge,1962,Equipe Nationale Belge,BE
1962-ernie-pieterse,1962,Ernie Pieterse,ZA
1962-gerry-ashmore,1962,Gerry Ashmore,GB
1962-gilby-engineering,1962,Gilby Engineering,GB
1962-hap-sharp,1962,Hap Sharp,US
1962-jim-hall,1962,Jim Hall,US
1962-john-dalton,1962,John Dalton,GB
1962-john-love,1962,John Love,ZW
1962-john-mecom,1962,John Mecom,US
1962-mike-harris,1962,Mike Harris,ZW
1962-neville-lederle,1962,Neville Lederle,ZA
1962-otelle-nucci,1962,Otelle Nucci,ZA
1962-owen-racing-organisation,1962,Owen Racing Organisation,GB
1962-porsche-system-engineering,1962,Porsche System Engineering,DE
1962-rrc-walker-racing-team,1962,R.R.C. Walker Racing Team,GB
1962-scuderia-de-tomaso,1962,Scuderia de Tomaso,IT
1962-scuderia-ferrari-spa-sefac,1962,Scuderia Ferrari SpA SEFAC,IT
1962-scuderia-jolly-club,1962,Scuderia Jolly Club,IT
1962-scuderia-settecolli,1962,Scuderia Settecolli,IT
1962-scuderia-sss-republica-di-venezia,1962,Scuderia SSS Republica di Venezia,IT
1962-team-lotus,1962,Team Lotus,GB
1962-udt-laystall-racing-team,1962,UDT Laystall Racing Team,GB
1963-andre-pilette,1963,André Pilette,BE
1963-automobili-turismo-e-sport,1963,Automobili Turismo e Sport,IT
1963-bernard-collomb,1963,Bernard Collomb,FR
1963-brabham-racing-organisation,1963,Brabham Racing Organisation,GB
1963-british-racing-partnership,1963,British Racing Partnership,GB
1963-canadian-stebro-racing,1963,Canadian Stebro Racing,CA
1963-cooper-car-company,1963,Cooper Car Company,GB
1963-david-prophet,1963,David Prophet,GB
1963-dw-racing-enterprises,1963,DW Racing Enterprises,GB
1963-ecurie-filipinetti,1963,Ecurie Filipinetti,CH
1963-ecurie-maarsbergen,1963,Ecurie Maarsbergen,NL
1963-frank-dochnal,1963,Frank Dochnal,US
1963-ian-raby-racing,1963,Ian Raby Racing,GB
1963-john-love,1963,John Love,ZW
1963-kurt-kuhnke,1963,Kurt Kuhnke,DE
1963-lawson-organisation,1963,Lawson Organisation,ZA
1963-otelle-nucci,1963,Otelle Nucci,ZA
1963-owen-racing-organisation,1963,Owen Racing Organisation,GB
1963-reg-parnell-racing,1963,Reg Parnell Racing,GB
1963-rrc-walker-racing-team,1963,R.R.C. Walker Racing Team,GB
1963-sam-tingle,1963,Sam Tingle,ZW
1963-scirocco-powell-racing-cars,1963,Scirocco Powell Racing Cars,GB
1963-scuderia-centro-sud,1963,Scuderia Centro Sud,IT
1963-scuderia-ferrari-spa-sefac,1963,Scuderia Ferrari SpA SEFAC,IT
1963-scuderia-lupini,1963,Scuderia Lupini,ZA
1963-scuderia-settecolli,1963,Scuderia Settecolli,IT
1963-selby-auto-spares,1963,Selby Auto Spares,ZA
1963-siffert-racing-team,1963,Siffert Racing Team,CH
1963-team-lotus,1963,Team Lotus,GB
1963-ted-lanfear,1963,Ted Lanfear,ZA
1963-tim-parnell,1963,Tim Parnell,GB
1964-bernard-collomb,1964,Bernard Collomb,FR
1964-bob-gerard-racing,1964,Bob Gerard Racing,GB
1964-brabham-racing-organisation,1964,Brabham Racing Organisation,GB
1964-british-racing-partnership,1964,British Racing Partnership,GB
1964-cooper-car-company,1964,Cooper Car Company,GB
1964-derrington-francis-racing-team,1964,Derrington-Francis Racing Team,GB
1964-dw-racing-enterprises,1964,DW Racing Enterprises,GB
1964-ecurie-maarsbergen,1964,Ecurie Maarsbergen,NL
1964-equipe-scirocco-belge,1964,Equipe Scirocco Belge,BE
1964-fabre-urbain,1964,Fabre Urbain,CH
1964-honda-rd-company,1964,Honda R&D Company,JP
1964-ian-raby-racing,1964,Ian Raby Racing,GB
1964-john-willment-automobiles,1964,John Willment Automobiles,GB
1964-maurice-trintignant,1964,Maurice Trintignant,FR
1964-owen-racing-organisation,1964,Owen Racing Organisation,GB
1964-north-american-racing-team,1964,North American Racing Team,US
1964-reg-parnell-racing,1964,Reg Parnell Racing,GB
1964-revson-racing,1964,Revson Racing,US
1964-rrc-walker-racing-team,1964,R.R.C. Walker Racing Team,GB
1964-scuderia-centro-sud,1964,Scuderia Centro Sud,IT
1964-scuderia-ferrari-spa-sefac,1964,Scuderia Ferrari SpA SEFAC,IT
1964-siffert-racing-team,1964,Siffert Racing Team,CH
1964-team-lotus,1964,Team Lotus,GB
1965-bob-gerard-racing,1965,Bob Gerard Racing,GB
1965-brabham-racing-organisation,1965,Brabham Racing Organisation,GB
1965-brian-gubby,1965,Brian Gubby,GB
1965-clive-puzey-motors,1965,Clive Puzey Motors,ZW
1965-cooper-car-company,1965,Cooper Car Company,GB
1965-david-prophet,1965,David Prophet,GB
1965-dw-racing-enterprises,1965,DW Racing Enterprises,GB
1965-ecurie-tomahawk,1965,Ecurie Tomahawk,ZA
1965-honda-rd-company,1965,Honda R&D Company,JP
1965-ian-raby-racing,1965,Ian Raby Racing,GB
1965-jackie-pretorius,1965,Jackie Pretorius,ZA
1965-john-love,1965,John Love,ZW
1965-john-willment-automobiles,1965,John Willment Automobiles,GB
1965-lawson-organisation,1965,Lawson Organisation,ZA
1965-north-american-racing-team,1965,North American Racing Team,US
1965-otelle-nucci,1965,Otelle Nucci,ZA
1965-owen-racing-organisation,1965,Owen Racing Organisation,GB
1965-reg-parnell-racing,1965,Reg Parnell Racing,GB
1965-rrc-walker-racing-team,1965,R.R.C. Walker Racing Team,GB
1965-sam-tingle,1965,Sam Tingle,ZW
1965-scuderia-centro-sud,1965,Scuderia Centro Sud,IT
1965-scuderia-ferrari-spa-sefac,1965,Scuderia Ferrari SpA SEFAC,IT
1965-scuderia-scribante,1965,Scuderia Scribante,ZA
1965-team-lotus,1965,Team Lotus,GB
1965-ted-lanfear,1965,Ted Lanfear,ZA
1965-trevor-blokdyk,1965,Trevor Blokdyk,ZA
1966-anglo-american-racers,1966,Anglo American Racers,US
1966-anglo-suisse-racing-team,1966,Anglo-Suisse Racing Team,CH
1966-bernard-white-racing,1966,Bernard White Racing,GB
1966-brabham-racing-organisation,1966,Brabham Racing Organisation,GB
1966-bruce-mclaren-motor-racing,1966,Bruce McLaren Motor Racing,GB
1966-caltex-racing-team,1966,Caltex Racing Team,DE
1966-chris-amon-racing,1966,Chris Amon Racing,NZ
1966-cooper-car-company,1966,Cooper Car Company,GB
1966-david-bridges,1966,David Bridges,GB
1966-dw-racing-enterprises,1966,DW Racing Enterprises,GB
1966-guy-ligier,1966,Guy Ligier,FR
1966-honda-rd-company,1966,Honda R&D Company,JP
1966-ja-pearce-engineering-ltd,1966,J.A. Pearce Engineering Ltd,GB
1966-matra-sports,1966,Matra Sports,FR
1966-owen-racing-organisation,1966,Owen Racing Organisation,GB
1966-phil-hill,1966,Phil Hill,US
1966-reg-parnell-racing,1966,Reg Parnell Racing,GB
1966-roy-winkelmann-racing,1966,Roy Winkelmann Racing,GB
1966-rrc-walker-racing-team,1966,R.R.C. Walker Racing Team,GB
1966-scuderia-ferrari-spa-sefac,1966,Scuderia Ferrari SpA SEFAC,IT
1966-shannon-racing-cars,1966,Shannon Racing Cars,GB
1966-silvio-moser,1966,Silvio Moser,CH
1966-team-chamaco-collect,1966,Team Chamaco Collect,GB
1966-team-lotus,1966,Team Lotus,GB
1966-tyrrell-racing-organisation,1966,Tyrrell Racing Organisation,GB
1967-anglo-american-racers,1967,Anglo American Racers,US
1967-bayerische-motoren-werke-ag,1967,Bayerische Motoren Werke AG,DE
1967-bernard-white-racing,1967,Bernard White Racing,GB
1967-brabham-racing-organisation,1967,Brabham Racing Organisation,GB
1967-bruce-mclaren-motor-racing,1967,Bruce McLaren Motor Racing,GB
1967-castrol-oils-ltd,1967,Castrol Oils Ltd,CA
1967-charles-vogele-racing,1967,Charles Vögele Racing,CH
1967-cooper-car-company,1967,Cooper Car Company,GB
1967-dw-racing-enterprises,1967,DW Racing Enterprises,GB
1967-ecurie-ford-france,1967,Ecurie Ford-France,FR
1967-gerhard-mitter,1967,Gerhard Mitter,DE
1967-guy-ligier,1967,Guy Ligier,FR
1967-honda-racing,1967,Honda Racing,JP
1967-joakim-bonnier-racing-team,1967,Joakim Bonnier Racing Team,CH
1967-john-love,1967,John Love,ZW
1967-lola-cars,1967,Lola Cars,GB
1967-luki-botha,1967,Luki Botha,ZA
1967-matra-sports,1967,Matra Sports,FR
1967-mike-fisher,1967,Mike Fisher,US
1967-owen-racing-organisation,1967,Owen Racing Organisation,GB
1967-reg-parnell-racing,1967,Reg Parnell Racing,GB
1967-rob-walker-jack-durlacher-racing-team,1967,Rob Walker/Jack Durlacher Racing Team,GB
1967-ron-harris-racing-team,1967,Ron Harris Racing Team,GB
1967-roy-winkelmann-racing,1967,Roy Winkelmann Racing,GB
1967-sam-tingle,1967,Sam Tingle,ZW
1967-scuderia-ferrari-spa-sefac,1967,Scuderia Ferrari SpA SEFAC,IT
1967-scuderia-scribante,1967,Scuderia Scribante,ZA
1967-team-lotus,1967,Team Lotus,GB
1967-tom-jones,1967,Tom Jones,US
1967-tyrrell-racing-organisation,1967,Tyrrell Racing Organisation,GB
1968-anglo-american-racers,1968,Anglo American Racers,US
1968-bayerische-motoren-werke-ag,1968,Bayerische Motoren Werke AG,DE
1968-bernard-white-racing,1968,Bernard White Racing,GB
1968-brabham-racing-organisation,1968,Brabham Racing Organisation,GB
1968-bruce-mclaren-motor-racing,1968,Bruce McLaren Motor Racing,GB
1968-caltex-racing-team,1968,Caltex Racing Team,DE
1968-castrol-oils-ltd,1968,Castrol Oils Ltd,CA
1968-charles-vogele-racing,1968,Charles Vögele Racing,CH
1968-cooper-car-company,1968,Cooper Car Company,GB
1968-honda-racing,1968,Honda Racing,JP
1968-joakim-bonnier-racing-team,1968,Joakim Bonnier Racing Team,CH
1968-john-love,1968,John Love,ZW
1968-matra-international,1968,Matra International,GB
1968-matra-sports,1968,Matra Sports,FR
1968-owen-racing-organisation,1968,Owen Racing Organisation,GB
1968-reg-parnell-racing,1968,Reg Parnell Racing,GB
1968-rob-walker-jack-durlacher-racing-team,1968,Rob Walker/Jack Durlacher Racing Team,GB
1968-scuderia-ferrari-spa-sefac,1968,Scuderia Ferrari SpA SEFAC,IT
1968-scuderia-scribante,1968,Scuderia Scribante,ZA
1968-team-gunston,1968,Team Gunston,ZW
1968-team-lotus,1968,Team Lotus,GB
1968-team-pretoria,1968,Team Pretoria,ZA
1969-ahrens-racing-team,1969,Ahrens Racing Team,DE
1969-antique-automobiles,1969,Antique Automobiles,GB
1969-bayerische-motoren-werke-ag,1969,Bayerische Motoren Werke AG,DE
1969-bruce-mclaren-motor-racing,1969,Bruce McLaren Motor Racing,GB
1969-ecurie-bonnier,1969,Ecurie Bonnier,CH
1969-felday-engineering-ltd,1969,Felday Engineering Ltd,GB
1969-frank-williams-racing-cars,1969,Frank Williams Racing Cars,GB
1969-gold-leaf-team-lotus,1969,Gold Leaf Team Lotus,GB
1969-jack-holme,1969,Jack Holme,ZA
1969-john-maryon,1969,John Maryon,CA
1969-matra-international,1969,Matra International,GB
1969-matra-sports,1969,Matra Sports,FR
1969-motor-racing-developments-ltd,1969,Motor Racing Developments Ltd,GB
1969-north-american-racing-team,1969,North American Racing Team,US
1969-owen-racing-organisation,1969,Owen Racing Organisation,GB
1969-paul-seitz,1969,Paul Seitz,CA
1969-pete-lovely-volkswagen-inc,1969,Pete Lovely Volkswagen Inc.,US
1969-reg-parnell-racing,1969,Reg Parnell Racing,GB
1969-rob-walker-jack-durlacher-racing-team,1969,Rob Walker/Jack Durlacher Racing Team,GB
1969-roy-winkelmann-racing,1969,Roy Winkelmann Racing,GB
1969-scuderia-ferrari-spa-sefac,1969,Scuderia Ferrari SpA SEFAC,IT
1969-silvio-moser,1969,Silvio Moser,CH
1969-squadra-tartaruga,1969,Squadra Tartaruga,CH
1969-team-gunston,1969,Team Gunston,ZW
1969-team-lawson,1969,Team Lawson,ZA
1969-tecno-racing-team,1969,Tecno Racing Team,IT
1970-antique-automobiles-racing-team,1970,Antique Automobiles Racing Team,GB
1970-auto-motor-und-sport,1970,Auto Motor und Sport,GB
1970-brooke-bond-oxo-racing-rob-walker,1970,Brooke Bond Oxo Racing/Rob Walker,GB
1970-bruce-mclaren-motor-racing,1970,Bruce McLaren Motor Racing,GB
1970-ecurie-bonnier,1970,Ecurie Bonnier,CH
1970-equipe-matra-elf,1970,Equipe Matra Elf,FR
1970-frank-williams-racing-cars,1970,Frank Williams Racing Cars,GB
1970-garvey-team-lotus,1970,Garvey Team Lotus,GB
1970-gold-leaf-team-lotus,1970,Gold Leaf Team Lotus,GB
1970-gus-hutchison,1970,Gus Hutchison,US
1970-hubert-hahne,1970,Hubert Hahne,DE
1970-march-engineering,1970,March Engineering,GB
1970-motor-racing-developments-ltd,1970,Motor Racing Developments Ltd,GB
1970-pete-lovely-volkswagen-inc,1970,Pete Lovely Volkswagen Inc.,US
1970-scuderia-ferrari-spa-sefac,1970,Scuderia Ferrari SpA SEFAC,IT
1970-scuderia-scribante,1970,Scuderia Scribante,ZA
1970-silvio-moser,1970,Silvio Moser,CH
1970-stp-corporation,1970,STP Corporation,US
1970-team-gunston,1970,Team Gunston,ZW
1970-team-surtees,1970,Team Surtees,GB
1970-tom-wheatcroft-racing,1970,Tom Wheatcroft Racing,GB
1970-tyrrell-racing-organisation,1970,Tyrrell Racing Organisation,GB
1970-world-wide-racing,1970,World Wide Racing,GB
1970-yardley-team-brm,1970,Yardley Team BRM,GB
1971-auto-motor-und-sport-team-surtees,1971,Auto Motor und Sport Team Surtees,GB
1971-brooke-bond-oxo-team-surtees,1971,Brooke Bond Oxo Team Surtees,GB
1971-bruce-mclaren-motor-racing,1971,Bruce McLaren Motor Racing,GB
1971-clarke-mordaunt-guthrie-racing,1971,Clarke-Mordaunt-Guthrie Racing,GB
1971-ecurie-bonnier,1971,Ecurie Bonnier,SE
1971-ecurie-evergreen,1971,Ecurie Evergreen,GB
1971-elf-team-tyrrell,1971,Elf Team Tyrrell,GB
1971-equipe-matra-sports,1971,Equipe Matra Sports,FR
1971-frank-williams-racing-cars,1971,Frank Williams Racing Cars,GB
1971-gene-mason-racing,1971,Gene Mason Racing,US
1971-gold-leaf-team-lotus,1971,Gold Leaf Team Lotus,GB
1971-jo-siffert-automobiles,1971,Jo Siffert Automobiles,CH
1971-jolly-club-of-switzerland,1971,Jolly Club of Switzerland,CH
1971-motor-racing-developments-ltd,1971,Motor Racing Developments Ltd,GB
1971-penske-white-racing,1971,Penske-White Racing,US
1971-pete-lovely-volkswagen-inc,1971,Pete Lovely Volkswagen Inc.,US
1971-scuderia-ferrari-spa-sefac,1971,Scuderia Ferrari SpA SEFAC,IT
1971-scuderia-scribante,1971,Scuderia Scribante,ZA
1971-shell-arnold-team,1971,Shell Arnold Team,FR
1971-stichting-autoraces-nederland,1971,Stichting Autoraces Nederland,NL
1971-stp-march-racing-team,1971,STP March Racing Team,GB
1971-team-gunston,1971,Team Gunston,ZW
1971-team-surtees,1971,Team Surtees,GB
1971-world-wide-racing,1971,World Wide Racing,GB
1971-yardley-team-brm,1971,Yardley Team BRM,GB
1972-brooke-bond-oxo-team-surtees,1972,Brooke Bond Oxo Team Surtees,GB
1972-ceramica-pagnossin-team-surtees,1972,Ceramica Pagnossin Team Surtees,GB
1972-champcarr-inc,1972,Champcarr Inc.,US
1972-clarke-mordaunt-guthrie-racing,1972,Clarke-Mordaunt-Guthrie Racing,GB
1972-darnval-connew-racing-team,1972,Darnval Connew Racing Team,GB
1972-elf-team-tyrrell,1972,Elf Team Tyrrell,GB
1972-equipe-matra-sports,1972,Equipe Matra Sports,FR
1972-flame-out-team-surtees,1972,Flame Out Team Surtees,GB
1972-gene-mason-racing,1972,Gene Mason Racing,US
1972-john-player-team-lotus,1972,John Player Team Lotus,GB
1972-marlboro-brm,1972,Marlboro BRM,GB
1972-martini-racing,1972,Martini Racing,IT
1972-motor-racing-developments,1972,Motor Racing Developments,GB
1972-scribante-lucky-strike-racing,1972,Scribante Lucky Strike Racing,ZA
1972-scuderia-ferrari-spa-sefac,1972,Scuderia Ferrari SpA SEFAC,IT
1972-stp-march-racing-team,1972,STP March Racing Team,GB
1972-team-eifelland-caravans,1972,Team Eifelland Caravans,DE
1972-team-gunston,1972,Team Gunston,ZW
1972-team-surtees,1972,Team Surtees,GB
1972-team-williams-motul,1972,Team Williams Motul,GB
1972-yardley-team-mclaren,1972,Yardley Team McLaren,GB
1973-blignaut-lucky-strike-racing,1973,Blignaut Lucky Strike Racing,ZA
1973-brooke-bond-oxo-team-surtees,1973,Brooke Bond Oxo Team Surtees,GB
1973-ceramica-pagnossin-mrd,1973,Ceramica Pagnossin MRD,GB
1973-ceramica-pagnossin-team-surtees,1973,Ceramica Pagnossin Team Surtees,GB
1973-clarke-mordaunt-guthrie-racing,1973,Clarke-Mordaunt-Guthrie Racing,GB
1973-elf-team-tyrrell,1973,Elf Team Tyrrell,GB
1973-embassy-racing,1973,Embassy Racing,GB
1973-frank-williams-racing-cars,1973,Frank Williams Racing Cars,GB
1973-hesketh-racing,1973,Hesketh Racing,GB
1973-john-player-team-lotus,1973,John Player Team Lotus,GB
1973-lec-refrigeration-racing,1973,LEC Refrigeration Racing,GB
1973-march-racing-team,1973,March Racing Team,GB
1973-marlboro-brm,1973,Marlboro BRM,GB
1973-martini-racing-team,1973,Martini Racing Team,IT
1973-motor-racing-developments,1973,Motor Racing Developments,GB
1973-scribante-lucky-strike-racing,1973,Scribante Lucky Strike Racing,ZA
1973-scuderia-ferrari-spa-sefac,1973,Scuderia Ferrari SpA SEFAC,IT
1973-team-ensign,1973,Team Ensign,GB
1973-team-pierre-robert,1973,Team Pierre Robert,SE
1973-team-surtees,1973,Team Surtees,GB
1973-uop-shadow-racing,1973,UOP Shadow Racing,US
1973-yardley-team-mclaren,1973,Yardley Team McLaren,GB
1974-aaw-racing-team,1974,AAW Racing Team,FI
1974-allied-polymer-group,1974,Allied Polymer Group,GB
1974-bang-olufsen-team-surtees,1974,Bang & Olufsen Team Surtees,GB
1974-blignaut-embassy-racing,1974,Blignaut Embassy Racing,ZA
1974-dalton-amon-international,1974,Dalton-Amon International,NZ
1974-dempster-international-racing-team,1974,Dempster International Racing Team,GB
1974-elf-team-tyrrell,1974,Elf Team Tyrrell,GB
1974-embassy-racing-with-graham-hill,1974,Embassy Racing with Graham Hill,GB
1974-frank-williams-racing-cars,1974,Frank Williams Racing Cars,GB
1974-hesketh-racing,1974,Hesketh Racing,GB
1974-john-goldie-racing-with-hexagon,1974,John Goldie Racing with Hexagon,GB
1974-john-player-team-lotus,1974,John Player Team Lotus,GB
1974-maki-engineering,1974,Maki Engineering,JP
1974-march-engineering,1974,March Engineering,GB
1974-marlboro-team-texaco,1974,Marlboro Team Texaco,GB
1974-memphis-international-team-surtees,1974,Memphis International Team Surtees,GB
1974-motor-racing-developments,1974,Motor Racing Developments,GB
1974-penske-cars,1974,Penske Cars,US
1974-pinch-plant-ltd,1974,Pinch Plant Ltd,GB
1974-scribante-lucky-strike-racing,1974,Scribante Lucky Strike Racing,ZA
1974-scuderia-ferrari-spa-sefac,1974,Scuderia Ferrari SpA SEFAC,IT
1974-scuderia-finotto,1974,Scuderia Finotto,IT
1974-team-canada-f1-racing,1974,Team Canada F1 Racing,CA
1974-team-ensign,1974,Team Ensign,GB
1974-team-gunston,1974,Team Gunston,ZA
1974-team-motul-brm,1974,Team Motul BRM,GB
1974-team-surtees,1974,Team Surtees,GB
1974-the-chequered-flag,1974,The Chequered Flag,GB
1974-token-racing,1974,Token Racing,GB
1974-trojan-tauranac-racing,1974,Trojan-Tauranac Racing,GB
1974-uop-shadow-racing,1974,UOP Shadow Racing,US
1974-vels-parnelli-jones-racing,1974,Vel's Parnelli Jones Racing,US
1974-yardley-team-mclaren,1974,Yardley Team McLaren,GB
1975-beta-team-march,1975,Beta Team March,GB
1975-copersucar-fittipaldi,1975,Copersucar-Fittipaldi,BR
1975-custom-made-harry-stiller-racing,1975,Custom Made Harry Stiller Racing,GB
1975-elf-team-tyrrell,1975,Elf Team Tyrrell,GB
1975-embassy-racing-with-graham-hill,1975,Embassy Racing with Graham Hill,GB
1975-frank-williams-racing-cars,1975,Frank Williams Racing Cars,GB
1975-hb-bewaking-team-ensign,1975,HB Bewaking Team Ensign,GB
1975-hesketh-racing,1975,Hesketh Racing,GB
1975-john-player-team-lotus,1975,John Player Team Lotus,GB
1975-lavazza-march,1975,Lavazza March,GB
1975-lexington-racing,1975,Lexington Racing,ZA
1975-lucky-strike-racing,1975,Lucky Strike Racing,ZA
1975-maki-engineering,1975,Maki Engineering,JP
1975-marlboro-team-mclaren,1975,Marlboro Team McLaren,GB
1975-martini-racing,1975,Martini Racing,GB
1975-national-organs-team-surtees,1975,National Organs Team Surtees,GB
1975-penske-cars,1975,Penske Cars,US
1975-pinch-plant-ltd,1975,Pinch Plant Ltd,GB
1975-polar-caravans,1975,Polar Caravans,GB
1975-scuderia-ferrari-spa-sefac,1975,Scuderia Ferrari SpA SEFAC,IT
1975-stanley-brm,1975,Stanley BRM,GB
1975-team-gunston,1975,Team Gunston,ZA
1975-team-surtees,1975,Team Surtees,GB
1975-uop-shadow-racing,1975,UOP Shadow Racing,US
1975-vels-parnelli-jones-racing,1975,Vel's Parnelli Jones Racing,US
1975-warsteiner-brewery,1975,Warsteiner Brewery,GB
1976-beta-team-march,1976,Beta Team March,GB
1976-citibank-team-penske,1976,Citibank Team Penske,US
1976-copersucar-fittipaldi,1976,Copersucar-Fittipaldi,BR
1976-durex-team-surtees,1976,Durex Team Surtees,GB
1976-elf-team-tyrrell,1976,Elf Team Tyrrell,GB
1976-fs-properties,1976,F&S Properties,NL
1976-hb-bewaking-alarm-systems,1976,HB Bewaking Alarm Systems,NL
1976-heros-racing,1976,Heros Racing,JP
1976-hesketh-racing,1976,Hesketh Racing,GB
1976-john-player-team-lotus,1976,John Player Team Lotus,GB
1976-kojima-engineering,1976,Kojima Engineering,JP
1976-lavazza-march,1976,Lavazza March,GB
1976-lexington-racing,1976,Lexington Racing,ZA
1976-ligier-gitanes,1976,Ligier Gitanes,FR
1976-lucky-strike-shadow-racing,1976,Lucky Strike Shadow Racing,GB
1976-maki-engineering,1976,Maki Engineering,JP
1976-mapfre-williams,1976,Mapfre-Williams,GB
1976-march-engineering,1976,March Engineering,GB
1976-marlboro-team-mclaren,1976,Marlboro Team McLaren,GB
1976-martini-racing,1976,Martini Racing,GB
1976-oasc-racing-team,1976,ÖASC Racing Team,AT
1976-ovoro-team-march,1976,Ovoro Team March,GB
1976-penthouse-rizla-racing-with-hesketh,1976,Penthouse Rizla Racing with Hesketh,GB
1976-ram-racing,1976,RAM Racing,GB
1976-scuderia-ferrari-spa-sefac,1976,Scuderia Ferrari SpA SEFAC,IT
1976-scuderia-gulf-rondini,1976,Scuderia Gulf Rondini,IT
1976-shellsport-whiting,1976,ShellSport Whiting,GB
1976-stanley-brm,1976,Stanley BRM,GB
1976-tabatip-shadow-racing,1976,Tabatip Shadow Racing,GB
1976-team-ensign,1976,Team Ensign,GB
1976-team-norev-bs-fabrications,1976,Team Norev/B&S Fabrications,GB
1976-team-pr-reilly,1976,Team P.R. Reilly,GB
1976-team-surtees,1976,Team Surtees,GB
1976-vels-parnelli-jones-racing,1976,Vel's Parnelli Jones Racing,US
1976-wolf-williams-racing,1976,Wolf-Williams Racing,CA
1977-ambrosio-tabatip-shadow-racing,1977,Ambrosio Tabatip Shadow Racing,GB
1977-ats-racing-team,1977,ATS Racing Team,DE
1977-beta-team-surtees,1977,Beta Team Surtees,GB
1977-brian-mcguire,1977,Brian McGuire,AU
1977-british-formula-one-racing-team,1977,British Formula One Racing Team,GB
1977-chesterfield-racing,1977,Chesterfield Racing,US
1977-copersucar-fittipaldi,1977,Copersucar-Fittipaldi,BR
1977-durex-team-surtees,1977,Durex Team Surtees,GB
1977-elf-team-tyrrell,1977,Elf Team Tyrrell,GB
1977-equipe-renault-elf,1977,Equipe Renault Elf,FR
1977-hb-bewaking-alarmsystemen,1977,HB Bewaking Alarmsystemen,NL
1977-heros-racing-corporation,1977,Heros Racing Corporation,JP
1977-hesketh-racing,1977,Hesketh Racing,GB
1977-hollywood-march-racing,1977,Hollywood March Racing,GB
1977-iberia-airlines,1977,Iberia Airlines,ES
1977-interscope-racing,1977,Interscope Racing,US
1977-john-player-team-lotus,1977,John Player Team Lotus,GB
1977-jolly-club-of-switzerland,1977,Jolly Club of Switzerland,CH
1977-kojima-engineering,1977,Kojima Engineering,JP
1977-lec-refrigeration-racing,1977,LEC Refrigeration Racing,GB
1977-ligier-gitanes,1977,Ligier Gitanes,FR
1977-marlboro-team-mclaren,1977,Marlboro Team McLaren,GB
1977-martini-racing,1977,Martini Racing,GB
1977-meiritsu-racing-team,1977,Meiritsu Racing Team,JP
1977-melchester-racing,1977,Melchester Racing,GB
1977-penthouse-rizla-racing,1977,Penthouse Rizla Racing,GB
1977-ram-racing-fs-properties,1977,RAM Racing/F&S Properties,GB
1977-scuderia-ferrari-spa-sefac,1977,Scuderia Ferrari SpA SEFAC,IT
1977-stanley-brm,1977,Stanley BRM,GB
1977-team-merzario,1977,Team Merzario,IT
1977-team-rothmans-international,1977,Team Rothmans International,GB
1977-team-surtees,1977,Team Surtees,GB
1977-team-tissot-ensign-with-castrol,1977,Team Tissot Ensign with Castrol,GB
1977-theodore-racing-hong-kong,1977,Theodore Racing Hong Kong,HK
1977-walter-wolf-racing,1977,Walter Wolf Racing,CA
1977-williams-grand-prix-engineering,1977,Williams Grand Prix Engineering,GB
1978-arrows-racing-team,1978,Arrows Racing Team,GB
1978-ats-racing-team,1978,ATS Racing Team,DE
1978-automobiles-martini,1978,Automobiles Martini,FR
1978-beta-team-surtees,1978,Beta Team Surtees,GB
1978-centro-asegurador-f1,1978,Centro Asegurador F1,ES
1978-durex-team-surtees,1978,Durex Team Surtees,GB
1978-elf-team-tyrrell,1978,Elf Team Tyrrell,GB
1978-equipe-renault-elf,1978,Equipe Renault Elf,FR
1978-fittipaldi-automotive,1978,Fittipaldi Automotive,BR
1978-interscope-racing,1978,Interscope Racing,US
1978-john-player-team-lotus,1978,John Player Team Lotus,GB
1978-liggett-group-bs-fabrications,1978,Liggett Group/BS Fabrications,GB
1978-ligier-gitanes,1978,Ligier Gitanes,FR
1978-mario-deliotti-racing,1978,Mario Deliotti Racing,GB
1978-marlboro-team-mclaren,1978,Marlboro Team McLaren,GB
1978-melchester-racing,1978,Melchester Racing,GB
1978-olympus-cameras-hesketh-racing,1978,Olympus Cameras/Hesketh Racing,GB
1978-parmalat-racing-team,1978,Parmalat Racing Team,GB
1978-patrick-neve,1978,Patrick Nève,BE
1978-sachs-racing,1978,Sachs Racing,DE
1978-scuderia-ferrari-spa-sefac,1978,Scuderia Ferrari SpA SEFAC,IT
1978-team-merzario,1978,Team Merzario,IT
1978-team-rebaque,1978,Team Rebaque,MX
1978-team-surtees,1978,Team Surtees,GB
1978-team-tissot-ensign,1978,Team Tissot Ensign,GB
1978-theodore-racing,1978,Theodore Racing,HK
1978-theodore-racing-hong-kong,1978,Theodore Racing Hong Kong,HK
1978-villiger-shadow-racing,1978,Villiger Shadow Racing,GB
1978-walter-wolf-racing,1978,Walter Wolf Racing,CA
1978-williams-grand-prix-engineering,1978,Williams Grand Prix Engineering,GB
1979-albilad-saudia-racing-team,1979,Albilad-Saudia Racing Team,GB
1979-ats-wheels,1979,ATS Wheels,DE
1979-autodelta,1979,Autodelta,IT
1979-candy-team-tyrrell,1979,Candy Team Tyrrell,GB
1979-equipe-renault-elf,1979,Equipe Renault Elf,FR
1979-fittipaldi-automotive,1979,Fittipaldi Automotive,BR
1979-interscope-shadow-racing,1979,Interscope Shadow Racing,GB
1979-ligier-gitanes,1979,Ligier Gitanes,FR
1979-marlboro-team-mclaren,1979,Marlboro Team McLaren,GB
1979-martini-racing-team-lotus,1979,Martini Racing Team Lotus,GB
1979-olympus-cameras-wolf-racing,1979,Olympus Cameras Wolf Racing,CA
1979-parmalat-racing-team,1979,Parmalat Racing Team,GB
1979-samson-shadow-racing,1979,Samson Shadow Racing,GB
1979-scuderia-ferrari-spa-sefac,1979,Scuderia Ferrari SpA SEFAC,IT
1979-team-ensign,1979,Team Ensign,GB
1979-team-merzario,1979,Team Merzario,IT
1979-team-rebaque,1979,Team Rebaque,MX
1979-warsteiner-arrows-racing-team,1979,Warsteiner Arrows Racing Team,GB
1979-willi-kauhsen-racing-team,1979,Willi Kauhsen Racing Team,DE
1980-albilad-williams-racing-team,1980,Albilad-Williams Racing Team,GB
1980-brands-hatch-racing,1980,Brands Hatch Racing,GB
1980-candy-team-tyrrell,1980,Candy Team Tyrrell,GB
1980-equipe-ligier-gitanes,1980,Equipe Ligier Gitanes,FR
1980-equipe-renault-elf,1980,Equipe Renault Elf,FR
1980-marlboro-team-alfa-romeo,1980,Marlboro Team Alfa Romeo,IT
1980-marlboro-team-mclaren,1980,Marlboro Team McLaren,GB
1980-osella-squadra-corse,1980,Osella Squadra Corse,IT
1980-parmalat-racing-team,1980,Parmalat Racing Team,GB
1980-ram-penthouse-rizla-racing,1980,RAM/Penthouse Rizla Racing,GB
1980-ram-rainbow-jeans-racing,1980,RAM/Rainbow Jeans Racing,GB
1980-ram-williams-grand-prix-engineering,1980,RAM/Williams Grand Prix Engineering,GB
1980-scuderia-ferrari-spa-sefac,1980,Scuderia Ferrari SpA SEFAC,IT
1980-skol-fittipaldi-team,1980,Skol Fittipaldi Team,BR
1980-team-ats,1980,Team ATS,DE
1980-team-essex-lotus,1980,Team Essex Lotus,GB
1980-theodore-shadow,1980,Theodore Shadow,GB
1980-unipart-racing-team,1980,Unipart Racing Team,GB
1980-warsteiner-arrows-racing-team,1980,Warsteiner Arrows Racing Team,GB
1981-albilad-williams-racing-team,1981,Albilad-Williams Racing Team,GB
1981-candy-toleman-motorsport,1981,Candy Toleman Motorsport,GB
1981-ensign-racing,1981,Ensign Racing,GB
1981-equipe-renault-elf,1981,Equipe Renault Elf,FR
1981-equipe-talbot-gitanes,1981,Equipe Talbot Gitanes,FR
1981-fittipaldi-automotive,1981,Fittipaldi Automotive,BR
1981-march-grand-prix-team,1981,March Grand Prix Team,GB
1981-marlboro-mclaren-international,1981,Marlboro McLaren International,GB
1981-marlboro-team-alfa-romeo,1981,Marlboro Team Alfa Romeo,IT
1981-osella-squadra-corse,1981,Osella Squadra Corse,IT
1981-parmalat-racing-team,1981,Parmalat Racing Team,GB
1981-ragno-arrows-beta-racing-team,1981,Ragno Arrows Beta Racing Team,GB
1981-scuderia-ferrari-spa-sefac,1981,Scuderia Ferrari SpA SEFAC,IT
1981-team-ats,1981,Team ATS,DE
1981-team-essex-lotus,1981,Team Essex Lotus,GB
1981-theodore-racing-team,1981,Theodore Racing Team,HK
1981-tyrrell-racing-team,1981,Tyrrell Racing Team,GB
1982-arrows-racing-team,1982,Arrows Racing Team,GB
1982-candy-toleman-motorsport,1982,Candy Toleman Motorsport,GB
1982-ensign-racing,1982,Ensign Racing,GB
1982-equipe-renault-elf,1982,Equipe Renault Elf,FR
1982-equipe-talbot-gitanes,1982,Equipe Talbot Gitanes,FR
1982-fittipaldi-automotive,1982,Fittipaldi Automotive,BR
1982-john-player-team-lotus,1982,John Player Team Lotus,GB
1982-lbt-team-march,1982,LBT Team March,GB
1982-marlboro-mclaren-international,1982,Marlboro McLaren International,GB
1982-marlboro-team-alfa-romeo,1982,Marlboro Team Alfa Romeo,IT
1982-osella-squadra-corse,1982,Osella Squadra Corse,IT
1982-parmalat-racing-team,1982,Parmalat Racing Team,GB
1982-rothmans-march-grand-prix-team,1982,Rothmans March Grand Prix Team,GB
1982-scuderia-ferrari-spa-sefac,1982,Scuderia Ferrari SpA SEFAC,IT
1982-tag-williams-team,1982,TAG Williams Team,GB
1982-team-ats,1982,Team ATS,DE
1982-team-tyrrell,1982,Team Tyrrell,GB
1982-theodore-racing-team,1982,Theodore Racing Team,HK
1983-arrows-racing-team,1983,Arrows Racing Team,GB
1983-benetton-tyrrell-team,1983,Benetton Tyrrell Team,GB
1983-candy-toleman-motorsport,1983,Candy Toleman Motorsport,GB
1983-equipe-ligier-gitanes,1983,Equipe Ligier Gitanes,FR
1983-equipe-renault-elf,1983,Equipe Renault Elf,FR
1983-fila-sport,1983,Fila Sport,GB
1983-john-player-team-lotus,1983,John Player Team Lotus,GB
1983-marlboro-mclaren-international,1983,Marlboro McLaren International,GB
1983-marlboro-team-alfa-romeo,1983,Marlboro Team Alfa Romeo,IT
1983-osella-squadra-corse,1983,Osella Squadra Corse,IT
1983-ram-racing-team-march,1983,RAM Racing Team March,GB
1983-scuderia-ferrari-spa-sefac,1983,Scuderia Ferrari SpA SEFAC,IT
1983-spirit-racing,1983,Spirit Racing,GB
1983-tag-williams-team,1983,TAG Williams Team,GB
1983-team-ats,1983,Team ATS,DE
1983-theodore-racing-team,1983,Theodore Racing Team,HK
1984-barclay-nordica-arrows-bmw,1984,Barclay Nordica Arrows BMW,GB
1984-benetton-team-alfa-romeo,1984,Benetton Team Alfa Romeo,IT
1984-equipe-renault-elf,1984,Equipe Renault Elf,FR
1984-john-player-team-lotus,1984,John Player Team Lotus,GB
1984-ligier-loto,1984,Ligier Loto,FR
1984-marlboro-mclaren-international,1984,Marlboro McLaren International,GB
1984-mrd-international,1984,MRD International,GB
1984-osella-squadra-corse,1984,Osella Squadra Corse,IT
1984-scuderia-ferrari-spa-sefac,1984,Scuderia Ferrari SpA SEFAC,IT
1984-skoal-bandit-formula-1-team,1984,Skoal Bandit Formula 1 Team,GB
1984-spirit-racing,1984,Spirit Racing,GB
1984-team-ats,1984,Team ATS,DE
1984-toleman-group-motorsport,1984,Toleman Group Motorsport,GB
1984-tyrrell-racing-organisation,1984,Tyrrell Racing Organisation,GB
1984-williams-grand-prix-engineering,1984,Williams Grand Prix Engineering,GB
1985-barclay-arrows-bmw,1985,Barclay Arrows BMW,GB
1985-benetton-team-alfa-romeo,1985,Benetton Team Alfa Romeo,IT
1985-canon-williams-honda-team,1985,Canon Williams Honda Team,GB
1985-equipe-ligier,1985,Equipe Ligier,FR
1985-equipe-renault-elf,1985,Equipe Renault Elf,FR
1985-john-player-special-team-lotus,1985,John Player Special Team Lotus,GB
1985-marlboro-mclaren-international,1985,Marlboro McLaren International,GB
1985-minardi-team-spa,1985,Minardi Team SpA,IT
1985-motor-racing-developments,1985,Motor Racing Developments,GB
1985-osella-squadra-corse,1985,Osella Squadra Corse,IT
1985-scuderia-ferrari-spa-sefac,1985,Scuderia Ferrari SpA SEFAC,IT
1985-skoal-bandit-formula-1-team,1985,Skoal Bandit Formula 1 Team,GB
1985-spirit-enterprises-ltd,1985,Spirit Enterprises Ltd,GB
1985-team-haas-usa-ltd,1985,Team Haas USA Ltd,US
1985-toleman-group-motorsport,1985,Toleman Group Motorsport,GB
1985-tyrrell-racing-organisation,1985,Tyrrell Racing Organisation,GB
1985-west-zakspeed-racing,1985,West Zakspeed Racing,DE
1986-barclay-arrows-bmw,1986,Barclay Arrows BMW,GB
1986-benetton-formula-ltd,1986,Benetton Formula Ltd,GB
1986-canon-williams-honda-team,1986,Canon Williams Honda Team,GB
1986-data-general-team-tyrrell,1986,Data General Team Tyrrell,GB
1986-equipe-ligier,1986,Equipe Ligier,FR
1986-john-player-special-team-lotus,1986,John Player Special Team Lotus,GB
1986-jolly-club-spa,1986,Jolly Club SpA,FR
1986-marlboro-mclaren-international,1986,Marlboro McLaren International,GB
1986-minardi-team-spa,1986,Minardi Team SpA,IT
1986-motor-racing-developments,1986,Motor Racing Developments,GB
1986-osella-squadra-corse,1986,Osella Squadra Corse,IT
1986-scuderia-ferrari-spa-sefac,1986,Scuderia Ferrari SpA SEFAC,IT
1986-team-haas-usa-ltd,1986,Team Haas USA Ltd,US
1986-west-zakspeed-racing,1986,West Zakspeed Racing,DE
1987-benetton-formula-ltd,1987,Benetton Formula Ltd,GB
1987-camel-team-lotus-honda,1987,Camel Team Lotus Honda,GB
1987-canon-williams-honda-team,1987,Canon Williams Honda Team,GB
1987-data-general-team-tyrrell,1987,Data General Team Tyrrell,GB
1987-enzo-coloni-racing-car-system,1987,Enzo Coloni Racing Car System,IT
1987-larrousse-calmels,1987,Larrousse Calmels,FR
1987-leyton-house-march-racing-team,1987,Leyton House March Racing Team,GB
1987-ligier-loto,1987,Ligier Loto,FR
1987-marlboro-mclaren-international,1987,Marlboro McLaren International,GB
1987-minardi-team-spa,1987,Minardi Team SpA,IT
1987-motor-racing-developments,1987,Motor Racing Developments,GB
1987-osella-squadra-corse,1987,Osella Squadra Corse,IT
1987-scuderia-ferrari-spa-sefac,1987,Scuderia Ferrari SpA SEFAC,IT
1987-team-el-charro-ags,1987,Team El Charro AGS,FR
1987-usfg-arrows-megatron,1987,USF&G Arrows Megatron,GB
1987-west-zakspeed-racing,1987,West Zakspeed Racing,DE
1988-automobiles-gonfaronnaises-sportives,1988,Automobiles Gonfaronnaises Sportives,FR
1988-benetton-formula-ltd,1988,Benetton Formula Ltd,GB
1988-bms-scuderia-italia,1988,BMS Scuderia Italia,IT
1988-camel-team-lotus-honda,1988,Camel Team Lotus Honda,GB
1988-canon-williams-team,1988,Canon Williams Team,GB
1988-coloni-spa,1988,Coloni SpA,IT
1988-eurobrun-racing,1988,EuroBrun Racing,IT
1988-honda-marlboro-mclaren,1988,Honda Marlboro McLaren,GB
1988-larrousse-calmels,1988,Larrousse Calmels,FR
1988-leyton-house-march-racing-team,1988,Leyton House March Racing Team,GB
1988-ligier-loto,1988,Ligier Loto,FR
1988-lois-minardi-team-spa,1988,Lois Minardi Team SpA,IT
1988-osella-squadra-corse,1988,Osella Squadra Corse,IT
1988-rial-racing,1988,Rial Racing,DE
1988-scuderia-ferrari-spa-sefac,1988,Scuderia Ferrari SpA SEFAC,IT
1988-tyrrell-racing-organisation,1988,Tyrrell Racing Organisation,GB
1988-usfg-arrows-megatron,1988,USF&G Arrows Megatron,GB
1988-west-zakspeed-racing,1988,West Zakspeed Racing,DE
1989-arrows-grand-prix-international,1989,Arrows Grand Prix International,GB
1989-automobiles-gonfaronnaises-sportives,1989,Automobiles Gonfaronnaises Sportives,FR
1989-benetton-formula-ltd,1989,Benetton Formula Ltd,GB
1989-bms-scuderia-italia,1989,BMS Scuderia Italia,IT
1989-camel-team-lotus,1989,Camel Team Lotus,GB
1989-canon-williams-team,1989,Canon Williams Team,GB
1989-coloni-spa,1989,Coloni SpA,IT
1989-equipe-larrousse,1989,Equipe Larrousse,FR
1989-eurobrun-racing,1989,EuroBrun Racing,IT
1989-first-racing,1989,FIRST Racing,IT
1989-honda-marlboro-mclaren,1989,Honda Marlboro McLaren,GB
1989-leyton-house-march-racing-team,1989,Leyton House March Racing Team,GB
1989-ligier-loto,1989,Ligier Loto,FR
1989-minardi-team-spa,1989,Minardi Team SpA,IT
1989-moneytron-onyx-formula-one,1989,Moneytron Onyx Formula One,GB
1989-motor-racing-developments,1989,Motor Racing Developments,GB
1989-osella-squadra-corse,1989,Osella Squadra Corse,IT
1989-rial-racing,1989,Rial Racing,DE
1989-scuderia-ferrari-spa-sefac,1989,Scuderia Ferrari SpA SEFAC,IT
1989-tyrrell-racing-organisation,1989,Tyrrell Racing Organisation,GB
1989-west-zakspeed-racing,1989,West Zakspeed Racing,DE
1990-automobiles-gonfaronnaises-sportives,1990,Automobiles Gonfaronnaises Sportives,FR
1990-benetton-formula-ltd,1990,Benetton Formula Ltd,GB
1990-bms-scuderia-italia,1990,BMS Scuderia Italia,IT
1990-camel-team-lotus,1990,Camel Team Lotus,GB
1990-canon-williams-team,1990,Canon Williams Team,GB
1990-coloni-racing,1990,Coloni Racing,IT
1990-espo-larrousse-f1,1990,ESPO Larrousse F1,FR
1990-eurobrun-racing,1990,EuroBrun Racing,IT
1990-footwork-arrows-racing,1990,Footwork Arrows Racing,GB
1990-honda-marlboro-mclaren,1990,Honda Marlboro McLaren,GB
1990-leyton-house-racing,1990,Leyton House Racing,GB
1990-life-racing-engines,1990,Life Racing Engines,IT
1990-ligier-gitanes,1990,Ligier Gitanes,FR
1990-monteverdi-onyx-formula-one,1990,Monteverdi Onyx Formula One,GB
1990-motor-racing-developments,1990,Motor Racing Developments,GB
1990-osella-squadra-corse,1990,Osella Squadra Corse,IT
1990-scm-minardi-team,1990,SCM Minardi Team,IT
1990-scuderia-ferrari,1990,Scuderia Ferrari,IT
1990-subaru-coloni-racing,1990,Subaru Coloni Racing,IT
1990-tyrrell-racing-organisation,1990,Tyrrell Racing Organisation,GB
1991-automobiles-gonfaronnaises-sportives,1991,Automobiles Gonfaronnaises Sportives,FR
1991-braun-tyrrell-honda,1991,Braun Tyrrell Honda,GB
1991-camel-benetton-ford,1991,Camel Benetton Ford,GB
1991-canon-williams-team,1991,Canon Williams Team,GB
1991-coloni-racing,1991,Coloni Racing,IT
1991-fondmetal,1991,Fondmetal,IT
1991-footwork-grand-prix-international,1991,Footwork Grand Prix International,GB
1991-honda-marlboro-mclaren,1991,Honda Marlboro McLaren,GB
1991-larrousse-f1,1991,Larrousse F1,FR
1991-leyton-house-racing,1991,Leyton House Racing,GB
1991-ligier-gitanes,1991,Ligier Gitanes,FR
1991-minardi-team,1991,Minardi Team,IT
1991-modena-team,1991,Modena Team,IT
1991-motor-racing-developments,1991,Motor Racing Developments,GB
1991-scuderia-ferrari,1991,Scuderia Ferrari,IT
1991-scuderia-italia,1991,Scuderia Italia,IT
1991-team-7up-jordan,1991,Team 7Up Jordan,IE
1991-team-lotus,1991,Team Lotus,GB
1992-andrea-moda-formula,1992,Andrea Moda Formula,IT
1992-camel-benetton-ford,1992,Camel Benetton Ford,GB
1992-canon-williams-team,1992,Canon Williams Team,GB
1992-central-park-venturi-larrousse,1992,Central Park Venturi Larrousse,FR
1992-fondmetal,1992,Fondmetal,IT
1992-footwork-mugen-honda,1992,Footwork Mugen Honda,GB
1992-honda-marlboro-mclaren,1992,Honda Marlboro McLaren,GB
1992-ligier-gitanes-blondes,1992,Ligier Gitanes Blondes,FR
1992-march-f1,1992,March F1,GB
1992-minardi-team,1992,Minardi Team,IT
1992-motor-racing-developments,1992,Motor Racing Developments,GB
1992-sasol-jordan-yamaha,1992,Sasol Jordan Yamaha,IE
1992-scuderia-ferrari,1992,Scuderia Ferrari,IT
1992-scuderia-italia,1992,Scuderia Italia,IT
1992-team-lotus,1992,Team Lotus,GB
1992-tyrrell-racing-organisation,1992,Tyrrell Racing Organisation,GB
1993-camel-benetton-ford,1993,Camel Benetton Ford,GB
1993-canon-williams,1993,Canon Williams,GB
1993-footwork-mugen-honda,1993,Footwork Mugen Honda,GB
1993-larrousse-f1,1993,Larrousse F1,FR
1993-ligier-gitanes-blondes,1993,Ligier Gitanes Blondes,FR
1993-lola-bms-scuderia-italia,1993,Lola BMS Scuderia Italia,IT
1993-march-f1,1993,March F1,GB
1993-marlboro-mclaren,1993,Marlboro McLaren,GB
1993-minardi-team,1993,Minardi Team,IT
1993-sasol-jordan,1993,Sasol Jordan,IE
1993-sauber,1993,Sauber,CH
1993-scuderia-ferrari,1993,Scuderia Ferrari,IT
1993-team-lotus,1993,Team Lotus,GB
1993-tyrrell-racing-organisation,1993,Tyrrell Racing Organisation,GB
1994-broker-sauber-mercedes,1994,Broker Sauber Mercedes,CH
1994-footwork-ford,1994,Footwork Ford,GB
1994-ligier-gitanes-blondes,1994,Ligier Gitanes Blondes,FR
1994-marlboro-mclaren-peugeot,1994,Marlboro McLaren Peugeot,GB
1994-mild-seven-benetton-ford,1994,Mild Seven Benetton Ford,GB
1994-minardi-scuderia-italia,1994,Minardi Scuderia Italia,IT
1994-mtv-simtek-ford,1994,MTV Simtek Ford,GB
1994-pacific-grand-prix,1994,Pacific Grand Prix,GB
1994-rothmans-williams-renault,1994,Rothmans Williams Renault,GB
1994-sasol-jordan,1994,Sasol Jordan,IE
1994-scuderia-ferrari,1994,Scuderia Ferrari,IT
1994-team-lotus,1994,Team Lotus,GB
1994-tourtel-larrousse-f1,1994,Tourtel Larrousse F1,FR
1994-tyrrell-racing-organisation,1994,Tyrrell Racing Organisation,GB
1995-footwork-hart,1995,Footwork Hart,GB
1995-junior-larrousse-f1,1995,Junior Larrousse F1,FR
1995-ligier-gitanes-blondes,1995,Ligier Gitanes Blondes,FR
1995-marlboro-mclaren-mercedes,1995,Marlboro McLaren Mercedes,GB
1995-mild-seven-benetton-renault,1995,Mild Seven Benetton Renault,GB
1995-minardi-scuderia-italia,1995,Minardi Scuderia Italia,IT
1995-mtv-simtek-ford,1995,MTV Simtek Ford,GB
1995-nokia-tyrrell-yamaha,1995,Nokia Tyrrell Yamaha,GB
1995-pacific-team-lotus,1995,Pacific Team Lotus,GB
1995-parmalat-forti-ford,1995,Parmalat Forti Ford,IT
1995-red-bull-sauber-ford,1995,Red Bull Sauber Ford,CH
1995-rothmans-williams-renault,1995,Rothmans Williams Renault,GB
1995-scuderia-ferrari,1995,Scuderia Ferrari,IT
1995-total-jordan-peugeot,1995,Total Jordan Peugeot,IE
1996-benson-hedges-total-jordan-peugeot,1996,Benson & Hedges Total Jordan Peugeot,IE
1996-footwork-hart,1996,Footwork Hart,GB
1996-forti-grand-prix,1996,Forti Grand Prix,IT
1996-ligier-gauloises-blondes,1996,Ligier Gauloises Blondes,FR
1996-marlboro-mclaren-mercedes,1996,Marlboro McLaren Mercedes,GB
1996-mild-seven-benetton-renault,1996,Mild Seven Benetton Renault,IT
1996-minardi-team,1996,Minardi Team,IT
1996-red-bull-sauber-ford,1996,Red Bull Sauber Ford,CH
1996-rothmans-williams-renault,1996,Rothmans Williams Renault,GB
1996-scuderia-ferrari,1996,Scuderia Ferrari,IT
1996-tyrrell-yamaha,1996,Tyrrell Yamaha,GB
1997-benson-hedges-jordan-peugeot,1997,Benson & Hedges Jordan Peugeot,IE
1997-danka-arrows-yamaha,1997,Danka Arrows Yamaha,GB
1997-hsbc-malaysia-stewart-ford,1997,HSBC Malaysia Stewart Ford,GB
1997-mastercard-lola-f1-team,1997,MasterCard Lola F1 Team,GB
1997-mild-seven-benetton-renault,1997,Mild Seven Benetton Renault,IT
1997-minardi-team,1997,Minardi Team,IT
1997-piaa-tyrrell-ford,1997,PIAA Tyrrell Ford,GB
1997-prost-gauloises-blondes,1997,Prost Gauloises Blondes,FR
1997-red-bull-sauber-petronas,1997,Red Bull Sauber Petronas,CH
1997-rothmans-williams-renault,1997,Rothmans Williams Renault,GB
1997-scuderia-ferrari-marlboro,1997,Scuderia Ferrari Marlboro,IT
1997-west-mclaren-mercedes,1997,West McLaren Mercedes,GB
1998-benson-hedges-jordan,1998,Benson & Hedges Jordan,IE
1998-danka-zepter-arrows,1998,Danka Zepter Arrows,GB
1998-fondmetal-minardi-team,1998,Fondmetal Minardi Team,IT
1998-gauloises-prost-peugeot,1998,Gauloises Prost Peugeot,FR
1998-hsbc-stewart-ford,1998,HSBC Stewart Ford,GB
1998-mild-seven-benetton-playlife,1998,Mild Seven Benetton Playlife,IT
1998-piaa-tyrrell,1998,PIAA Tyrrell,GB
1998-red-bull-sauber-petronas,1998,Red Bull Sauber Petronas,CH
1998-scuderia-ferrari-marlboro,1998,Scuderia Ferrari Marlboro,IT
1998-west-mclaren-mercedes,1998,West McLaren Mercedes,GB
1998-winfield-williams,1998,Winfield Williams,GB
1999-benson-hedges-jordan,1999,Benson & Hedges Jordan,IE
1999-british-american-racing,1999,British American Racing,GB
1999-fondmetal-minardi-team,1999,Fondmetal Minardi Team,IT
1999-gauloises-prost-peugeot,1999,Gauloises Prost Peugeot,FR
1999-hsbc-stewart-ford,1999,HSBC Stewart Ford,GB
1999-mild-seven-benetton-playlife,1999,Mild Seven Benetton Playlife,IT
1999-red-bull-sauber-petronas,1999,Red Bull Sauber Petronas,CH
1999-repsol-arrows,1999,Repsol Arrows,GB
1999-scuderia-ferrari-marlboro,1999,Scuderia Ferrari Marlboro,IT
1999-west-mclaren-mercedes,1999,West McLaren Mercedes,GB
1999-winfield-williams,1999,Winfield Williams,GB
2000-arrows-f1-team,2000,Arrows F1 Team,GB
2000-benson-hedges-jordan,2000,Benson & Hedges Jordan,IE
2000-bmw-williamsf1-team,2000,BMW WilliamsF1 Team,GB
2000-gauloises-prost-peugeot,2000,Gauloises Prost Peugeot,FR
2000-jaguar-racing-f1-team,2000,Jaguar Racing F1 Team,GB
2000-lucky-strike-reynard-bar-honda,2000,Lucky Strike Reynard BAR Honda,GB
2000-mild-seven-benetton-playlife,2000,Mild Seven Benetton Playlife,IT
2000-red-bull-sauber-petronas,2000,Red Bull Sauber Petronas,CH
2000-scuderia-ferrari-marlboro,2000,Scuderia Ferrari Marlboro,IT
2000-telefonica-minardi-fondmetal,2000,Telefónica Minardi Fondmetal,IT
2000-west-mclaren-mercedes,2000,West McLaren Mercedes,GB
2001-benson-hedges-jordan-honda,2001,Benson & Hedges Jordan Honda,IE
2001-bmw-williamsf1-team,2001,BMW WilliamsF1 Team,GB
2001-european-minardi-f1,2001,European Minardi F1,IT
2001-jaguar-racing-f1-team,2001,Jaguar Racing F1 Team,GB
2001-lucky-strike-bar-honda,2001,Lucky Strike BAR Honda,GB
2001-mild-seven-benetton-renault,2001,Mild Seven Benetton Renault,IT
2001-orange-arrows-asiatech,2001,Orange Arrows Asiatech,GB
2001-prost-grand-prix,2001,Prost Grand Prix,FR
2001-red-bull-sauber-petronas,2001,Red Bull Sauber Petronas,CH
2001-scuderia-ferrari-marlboro,2001,Scuderia Ferrari Marlboro,IT
2001-west-mclaren-mercedes,2001,West McLaren Mercedes,GB
2002-bmw-williamsf1-team,2002,BMW WilliamsF1 Team,GB
2002-dhl-jordan-honda,2002,DHL Jordan Honda,IE
2002-jaguar-racing-f1-team,2002,Jaguar Racing F1 Team,GB
2002-kl-minardi-asiatech,2002,KL Minardi Asiatech,IT
2002-lucky-strike-bar-honda,2002,Lucky Strike BAR Honda,GB
2002-mild-seven-renault-f1-team,2002,Mild Seven Renault F1 Team,FR
2002-orange-arrows,2002,Orange Arrows,GB
2002-panasonic-toyota-racing,2002,Panasonic Toyota Racing,JP
2002-sauber-petronas,2002,Sauber Petronas,CH
2002-scuderia-ferrari-marlboro,2002,Scuderia Ferrari Marlboro,IT
2002-west-mclaren-mercedes,2002,West McLaren Mercedes,GB
2003-benson-hedges-jordan-ford,2003,Benson & Hedges Jordan Ford,IE
2003-bmw-williamsf1-team,2003,BMW WilliamsF1 Team,GB
2003-jaguar-racing-f1-team,2003,Jaguar Racing F1 Team,GB
2003-lucky-strike-bar-honda,2003,Lucky Strike BAR Honda,GB
2003-mild-seven-renault-f1-team,2003,Mild Seven Renault F1 Team,FR
2003-panasonic-toyota-racing,2003,Panasonic Toyota Racing,JP
2003-sauber-petronas,2003,Sauber Petronas,CH
2003-scuderia-ferrari-marlboro,2003,Scuderia Ferrari Marlboro,IT
2003-trust-minardi-cosworth,2003,Trust Minardi Cosworth,IT
2003-west-mclaren-mercedes,2003,West McLaren Mercedes,GB
2004-bmw-williamsf1-team,2004,BMW WilliamsF1 Team,GB
2004-jaguar-racing-f1-team,2004,Jaguar Racing F1 Team,GB
2004-jordan-ford,2004,Jordan Ford,IE
2004-lucky-strike-bar-honda,2004,Lucky Strike BAR Honda,GB
2004-mild-seven-renault-f1-team,2004,Mild Seven Renault F1 Team,FR
2004-minardi-cosworth,2004,Minardi Cosworth,IT
2004-panasonic-toyota-racing,2004,Panasonic Toyota Racing,JP
2004-sauber-petronas,2004,Sauber Petronas,CH
2004-scuderia-ferrari-marlboro,2004,Scuderia Ferrari Marlboro,IT
2004-west-mclaren-mercedes,2004,West McLaren Mercedes,GB
2005-bmw-williamsf1-team,2005,BMW WilliamsF1 Team,GB
2005-jordan-grand-prix,2005,Jordan Grand Prix,IE
2005-lucky-strike-bar-honda,2005,Lucky Strike BAR Honda,GB
2005-mild-seven-renault-f1-team,2005,Mild Seven Renault F1 Team,FR
2005-minardi-f1-team,2005,Minardi F1 Team,IT
2005-panasonic-toyota-racing,2005,Panasonic Toyota Racing,JP
2005-red-bull-racing,2005,Red Bull Racing,GB
2005-sauber-petronas,2005,Sauber Petronas,CH
2005-scuderia-ferrari-marlboro,2005,Scuderia Ferrari Marlboro,IT
2005-team-mclaren-mercedes,2005,Team McLaren Mercedes,GB
2006-bmw-sauber-f1-team,2006,BMW Sauber F1 Team,DE
2006-lucky-strike-honda-racing-f1-team,2006,Lucky Strike Honda Racing F1 Team,JP
2006-mf1-racing,2006,MF1 Racing,RU
2006-mild-seven-renault-f1-team,2006,Mild Seven Renault F1 Team,FR
2006-panasonic-toyota-racing,2006,Panasonic Toyota Racing,JP
2006-red-bull-racing,2006,Red Bull Racing,GB
2006-scuderia-ferrari-marlboro,2006,Scuderia Ferrari Marlboro,IT
2006-scuderia-toro-rosso,2006,Scuderia Toro Rosso,IT
2006-super-aguri-f1-team,2006,Super Aguri F1 Team,JP
2006-team-mclaren-mercedes,2006,Team McLaren Mercedes,GB
2006-williams-f1-team,2006,Williams F1 Team,GB
2007-att-williams,2007,AT&T Williams,GB
2007-bmw-sauber-f1-team,2007,BMW Sauber F1 Team,DE
2007-etihad-aldar-spyker-f1-team,2007,Etihad Aldar Spyker F1 Team,NL
2007-honda-racing-f1-team,2007,Honda Racing F1 Team,JP
2007-ing-renault-f1-team,2007,ING Renault F1 Team,FR
2007-panasonic-toyota-racing,2007,Panasonic Toyota Racing,JP
2007-red-bull-racing,2007,Red Bull Racing,AT
2007-scuderia-ferrari-marlboro,2007,Scuderia Ferrari Marlboro,IT
2007-scuderia-toro-rosso,2007,Scuderia Toro Rosso,IT
2007-super-aguri-f1-team,2007,Super Aguri F1 Team,JP
2007-vodafone-mclaren-mercedes,2007,Vodafone McLaren Mercedes,GB
2008-att-williams,2008,AT&T Williams,GB
2008-bmw-sauber-f1-team,2008,BMW Sauber F1 Team,DE
2008-force-india-f1-team,2008,Force India F1 Team,IN
2008-honda-racing-f1-team,2008,Honda Racing F1 Team,JP
2008-ing-renault-f1-team,2008,ING Renault F1 Team,FR
2008-panasonic-toyota-racing,2008,Panasonic Toyota Racing,JP
2008-red-bull-racing,2008,Red Bull Racing,AT
2008-scuderia-ferrari-marlboro,2008,Scuderia Ferrari Marlboro,IT
2008-scuderia-toro-rosso,2008,Scuderia Toro Rosso,IT
2008-super-aguri-f1-team,2008,Super Aguri F1 Team,JP
2008-vodafone-mclaren-mercedes,2008,Vodafone McLaren Mercedes,GB
2009-att-williams,2009,AT&T Williams,GB
2009-bmw-sauber-f1-team,2009,BMW Sauber F1 Team,DE
2009-brawn-gp-formula-1-team,2009,Brawn GP Formula 1 Team,GB
2009-force-india-f1-team,2009,Force India F1 Team,IN
2009-panasonic-toyota-racing,2009,Panasonic Toyota Racing,JP
2009-red-bull-racing,2009,Red Bull Racing,AT
2009-renault-f1-team,2009,Renault F1 Team,FR
2009-scuderia-ferrari-marlboro,2009,Scuderia Ferrari Marlboro,IT
2009-scuderia-toro-rosso,2009,Scuderia Toro Rosso,IT
2009-vodafone-mclaren-mercedes,2009,Vodafone McLaren Mercedes,GB
2010-att-williams,2010,AT&T Williams,GB
2010-bmw-sauber-f1-team,2010,BMW Sauber F1 Team,CH
2010-force-india-f1-team,2010,Force India F1 Team,IN
2010-hispania-racing-f1-team,2010,Hispania Racing F1 Team,ES
2010-lotus-racing,2010,Lotus Racing,MY
2010-mercedes-gp-petronas-f1-team,2010,Mercedes GP Petronas F1 Team,DE
2010-red-bull-racing,2010,Red Bull Racing,AT
2010-renault-f1-team,2010,Renault F1 Team,FR
2010-scuderia-ferrari-marlboro,2010,Scuderia Ferrari Marlboro,IT
2010-scuderia-toro-rosso,2010,Scuderia Toro Rosso,IT
2010-virgin-racing,2010,Virgin Racing,GB
2010-vodafone-mclaren-mercedes,2010,Vodafone McLaren Mercedes,GB
2011-att-williams,2011,AT&T Williams,GB
2011-force-india-f1-team,2011,Force India F1 Team,IN
2011-hrt-formula-1-team,2011,HRT Formula 1 Team,ES
2011-lotus-renault-gp,2011,Lotus Renault GP,GB
2011-marussia-virgin-racing,2011,Marussia Virgin Racing,RU
2011-mercedes-gp-petronas-f1-team,2011,Mercedes GP Petronas F1 Team,DE
2011-red-bull-racing,2011,Red Bull Racing,AT
2011-sauber-f1-team,2011,Sauber F1 Team,CH
2011-scuderia-ferrari,2011,Scuderia Ferrari,IT
2011-scuderia-toro-rosso,2011,Scuderia Toro Rosso,IT
2011-team-lotus,2011,Team Lotus,MY
2011-vodafone-mclaren-mercedes,2011,Vodafone McLaren Mercedes,GB
2012-caterham-f1-team,2012,Caterham F1 Team,MY
2012-hrt-formula-1-team,2012,HRT Formula 1 Team,ES
2012-lotus-f1-team,2012,Lotus F1 Team,GB
2012-marussia-f1-team,2012,Marussia F1 Team,RU
2012-mercedes-amg-petronas-f1-team,2012,Mercedes-AMG Petronas F1 Team,DE
2012-red-bull-racing,2012,Red Bull Racing,AT
2012-sahara-force-india-f1-team,2012,Sahara Force India F1 Team,IN
2012-sauber-f1-team,2012,Sauber F1 Team,CH
2012-scuderia-ferrari,2012,Scuderia Ferrari,IT
2012-scuderia-toro-rosso,2012,Scuderia Toro Rosso,IT
2012-vodafone-mclaren-mercedes,2012,Vodafone McLaren Mercedes,GB
2012-williams-f1-team,2012,Williams F1 Team,GB
2013-caterham-f1-team,2013,Caterham F1 Team,MY
2013-infiniti-red-bull-racing,2013,Infiniti Red Bull Racing,AT
2013-lotus-f1-team,2013,Lotus F1 Team,GB
2013-marussia-f1-team,2013,Marussia F1 Team,RU
2013-mercedes-amg-petronas-f1-team,2013,Mercedes-AMG Petronas F1 Team,DE
2013-sahara-force-india-f1-team,2013,Sahara Force India F1 Team,IN
2013-sauber-f1-team,2013,Sauber F1 Team,CH
2013-scuderia-ferrari,2013,Scuderia Ferrari,IT
2013-scuderia-toro-rosso,2013,Scuderia Toro Rosso,IT
2013-vodafone-mclaren-mercedes,2013,Vodafone McLaren Mercedes,GB
2013-williams-f1-team,2013,Williams F1 Team,GB
2014-caterham-f1-team,2014,Caterham F1 Team,MY
2014-infiniti-red-bull-racing,2014,Infiniti Red Bull Racing,AT
2014-lotus-f1-team,2014,Lotus F1 Team,GB
2014-marussia-f1-team,2014,Marussia F1 Team,RU
2014-mclaren-mercedes,2014,McLaren Mercedes,GB
2014-mercedes-amg-petronas-f1-team,2014,Mercedes-AMG Petronas F1 Team,DE
2014-sahara-force-india-f1-team,2014,Sahara Force India F1 Team,IN
2014-sauber-f1-team,2014,Sauber F1 Team,CH
2014-scuderia-ferrari,2014,Scuderia Ferrari,IT
2014-scuderia-toro-rosso,2014,Scuderia Toro Rosso,IT
2014-williams-martini-racing,2014,Williams Martini Racing,GB
2015-infiniti-red-bull-racing,2015,Infiniti Red Bull Racing,AT
2015-lotus-f1-team,2015,Lotus F1 Team,GB
2015-manor-marussia-f1-team,2015,Manor Marussia F1 Team,GB
2015-mclaren-honda,2015,McLaren Honda,GB
2015-mercedes-amg-petronas-f1-team,2015,Mercedes-AMG Petronas F1 Team,DE
2015-sahara-force-india-f1-team,2015,Sahara Force India F1 Team,IN
2015-sauber-f1-team,2015,Sauber F1 Team,CH
2015-scuderia-ferrari,2015,Scuderia Ferrari,IT
2015-scuderia-toro-rosso,2015,Scuderia Toro Rosso,IT
2015-williams-martini-racing,2015,Williams Martini Racing,GB
2016-haas-f1-team,2016,Haas F1 Team,US
2016-manor-racing-mrt,2016,Manor Racing MRT,GB
2016-mclaren-honda-formula-1-team,2016,McLaren Honda Formula 1 Team,GB
2016-mercedes-amg-petronas-formula-one-team,2016,Mercedes AMG Petronas Formula One Team,DE
2016-red-bull-racing,2016,Red Bull Racing,AT
2016-renault-sport-formula-one-team,2016,Renault Sport Formula One Team,FR
2016-sahara-force-india-formula-one-team,2016,Sahara Force India Formula One Team,IN
2016-sauber-f1-team,2016,Sauber F1 Team,CH
2016-scuderia-ferrari,2016,Scuderia Ferrari,IT
2016-scuderia-toro-rosso,2016,Scuderia Toro Rosso,IT
2016-williams-martini-racing,2016,Williams Martini Racing,GB
2017-haas-f1-team,2017,Haas F1 Team,US
2017-mclaren-honda,2017,McLaren Honda,GB
2017-mercedes-amg-petronas-motorsport,2017,Mercedes AMG Petronas Motorsport,DE
2017-red-bull-racing,2017,Red Bull Racing,AT
2017-renault-sport-formula-one-team,2017,Renault Sport Formula One Team,FR
2017-sahara-force-india-f1-team,2017,Sahara Force India F1 Team,IN
2017-sauber-f1-team,2017,Sauber F1 Team,CH
2017-scuderia-ferrari,2017,Scuderia Ferrari,IT
2017-scuderia-toro-rosso,2017,Scuderia Toro Rosso,IT
2017-williams-martini-racing,2017,Williams Martini Racing,GB
2018-alfa-romeo-sauber-f1-team,2018,Alfa Romeo Sauber F1 Team,CH
2018-aston-martin-red-bull-racing,2018,Aston Martin Red Bull Racing,AT
2018-haas-f1-team,2018,Haas F1 Team,US
2018-mclaren-f1-team,2018,McLaren F1 Team,GB
2018-mercedes-amg-petronas-motorsport,2018,Mercedes AMG Petronas Motorsport,DE
2018-racing-point-force-india-f1-team,2018,Racing Point Force India F1 Team,GB
2018-red-bull-toro-rosso-honda,2018,Red Bull Toro Rosso Honda,IT
2018-renault-sport-formula-one-team,2018,Renault Sport Formula One Team,FR
2018-sahara-force-india-f1-team,2018,Sahara Force India F1 Team,IN
2018-scuderia-ferrari,2018,Scuderia Ferrari,IT
2018-williams-martini-racing,2018,Williams Martini Racing,GB
2019-alfa-romeo-racing,2019,Alfa Romeo Racing,CH
2019-aston-martin-red-bull-racing,2019,Aston Martin Red Bull Racing,AT
2019-haas-f1-team,2019,Haas F1 Team,US
2019-mclaren-f1-team,2019,McLaren F1 Team,GB
2019-mercedes-amg-petronas-motorsport,2019,Mercedes AMG Petronas Motorsport,DE
2019-red-bull-toro-rosso-honda,2019,Red Bull Toro Rosso Honda,IT
2019-renault-f1-team,2019,Renault F1 Team,FR
2019-rokit-williams-racing,2019,ROKiT Williams Racing,GB
2019-scuderia-ferrari-mission-winnow,2019,Scuderia Ferrari Mission Winnow,IT
2019-sportpesa-racing-point-f1-team,2019,SportPesa Racing Point F1 Team,GB
2020-alfa-romeo-racing-orlen,2020,Alfa Romeo Racing Orlen,CH
2020-aston-martin-red-bull-racing,2020,Aston Martin Red Bull Racing,AT
2020-bwt-racing-point-f1-team,2020,BWT Racing Point F1 Team,GB
2020-haas-f1-team,2020,Haas F1 Team,US
2020-mclaren-f1-team,2020,McLaren F1 Team,GB
2020-mercedes-amg-petronas-f1-team,2020,Mercedes-AMG Petronas F1 Team,DE
2020-renault-dp-world-f1-team,2020,Renault DP World F1 Team,FR
2020-scuderia-alphatauri-honda,2020,Scuderia AlphaTauri Honda,IT
2020-scuderia-ferrari,2020,Scuderia Ferrari,IT
2020-williams-racing,2020,Williams Racing,GB
2021-alfa-romeo-racing-orlen,2021,Alfa Romeo Racing Orlen,CH
2021-alpine-f1-team,2021,Alpine F1 Team,FR
2021-aston-martin-cognizant-f1-team,2021,Aston Martin Cognizant F1 Team,GB
2021-mclaren-f1-team,2021,McLaren F1 Team,GB
2021-mercedes-amg-petronas-f1-team,2021,Mercedes-AMG Petronas F1 Team,DE
2021-red-bull-racing-honda,2021,Red Bull Racing Honda,AT
2021-scuderia-alphatauri-honda,2021,Scuderia AlphaTauri Honda,IT
2021-scuderia-ferrari-mission-winnow,2021,Scuderia Ferrari Mission Winnow,IT
2021-uralkali-haas-f1-team,2021,Uralkali Haas F1 Team,US
2021-williams-racing,2021,Williams Racing,GB
2022-alfa-romeo-f1-team-orlen,2022,Alfa Romeo F1 Team Orlen,CH
2022-aston-martin-aramco-cognizant-f1-team,2022,Aston Martin Aramco Cognizant F1 Team,GB
2022-bwt-alpine-f1-team,2022,BWT Alpine F1 Team,FR
2022-haas-f1-team,2022,Haas F1 Team,US
2022-mclaren-f1-team,2022,McLaren F1 Team,GB
2022-mercedes-amg-petronas-f1-team,2022,Mercedes-AMG Petronas F1 Team,DE
2022-oracle-red-bull-racing,2022,Oracle Red Bull Racing,AT
2022-scuderia-alphatauri,2022,Scuderia AlphaTauri,IT
2022-scuderia-ferrari,2022,Scuderia Ferrari,IT
2022-williams-racing,2022,Williams Racing,GB
